strategy,timeframe,direction,entry_time,exit_time,entry_price,exit_price,sl_price,tp_price,bars_held,reason,pnl_r,session,hour,atr_pct_rank
PEM_M15_V2,M15,long,2020-12-04 01:15:00+00:00,2020-12-04 04:15:00+00:00,1837.718,1840.688,1829.468,1854.218,13,timeout,0.3600000000000033,Asia,1,0.8645833333333334
PEM_M15_V2,M15,short,2020-12-10 00:30:00+00:00,2020-12-10 03:30:00+00:00,1841.285,1833.315,1858.125,1807.6050000000002,13,timeout,0.47327790973872125,Asia,0,0.90625
PEM_M15_V2,M15,short,2020-12-11 01:15:00+00:00,2020-12-11 04:15:00+00:00,1830.357,1834.758,1843.378,1804.315,13,timeout,-0.33799247369634294,Asia,1,0.7291666666666666
PEM_M15_V2,M15,long,2020-12-16 01:45:00+00:00,2020-12-16 04:45:00+00:00,1852.458,1853.718,1847.518,1862.3380000000002,13,timeout,0.25506072874493463,Asia,1,0.7291666666666666
PEM_M15_V2,M15,short,2020-12-19 03:15:00+00:00,2020-12-21 06:30:00+00:00,1879.305,1884.758,1884.758,1868.3990000000001,11,sl,-1.0,Asia,3,0.5625
PEM_M15_V2,M15,short,2020-12-23 02:15:00+00:00,2020-12-23 06:00:00+00:00,1861.855,1860.038,1867.9,1849.7649999999999,13,timeout,0.30057899090156914,Asia,2,0.7083333333333334
PEM_M15_V2,M15,long,2020-12-28 06:30:00+00:00,2020-12-28 09:30:00+00:00,1886.135,1897.508,1876.418,1905.5690000000002,13,timeout,1.1704229700524784,Asia,6,0.875
PEM_M15_V2,M15,short,2020-12-29 03:45:00+00:00,2020-12-29 07:15:00+00:00,1873.505,1877.708,1877.708,1865.0990000000002,12,sl,-1.0,Asia,3,0.53125
PEM_M15_V2,M15,long,2020-12-31 01:15:00+00:00,2020-12-31 04:15:00+00:00,1889.188,1891.958,1884.375,1898.8140000000003,13,timeout,0.5755246208186003,Asia,1,0.71875
PEM_M15_V2,M15,short,2021-01-01 01:45:00+00:00,2021-01-01 02:45:00+00:00,1891.845,1896.014,1896.014,1883.5070000000003,5,sl,-1.0,Asia,1,0.9166666666666666
PEM_M15_V2,M15,long,2021-01-06 00:15:00+00:00,2021-01-06 03:15:00+00:00,1951.098,1950.795,1945.665,1961.964,13,timeout,-0.05577029265596981,Asia,0,0.8020833333333334
PEM_M15_V2,M15,long,2021-01-06 06:45:00+00:00,2021-01-06 08:30:00+00:00,1951.385,1947.615,1947.615,1958.925,8,sl,-1.0,Asia,6,0.09375
PEM_M15_V2,M15,short,2021-01-09 01:45:00+00:00,2021-01-09 04:45:00+00:00,1834.538,1847.145,1862.228,1779.158,13,timeout,-0.4552907186709984,Asia,1,1.0
PEM_M15_V2,M15,short,2021-01-13 00:45:00+00:00,2021-01-13 01:45:00+00:00,1840.258,1846.058,1846.058,1828.6580000000001,5,sl,-1.0,Asia,0,0.84375
PEM_M15_V2,M15,long,2021-01-13 03:45:00+00:00,2021-01-13 07:30:00+00:00,1855.768,1858.358,1846.568,1874.1680000000001,13,timeout,0.2815217391304245,Asia,3,0.7291666666666666
PEM_M15_V2,M15,long,2021-01-23 00:30:00+00:00,2021-01-23 03:30:00+00:00,1856.335,1855.271,1851.475,1866.0550000000003,13,timeout,-0.21893004115227374,Asia,0,0.8958333333333334
PEM_M15_V2,M15,short,2021-01-29 01:30:00+00:00,2021-01-29 02:15:00+00:00,1838.488,1843.165,1843.165,1829.1340000000002,4,sl,-1.0,Asia,1,0.96875
PEM_M15_V2,M15,short,2021-02-03 01:45:00+00:00,2021-02-03 04:45:00+00:00,1833.405,1838.005,1844.085,1812.0449999999998,13,timeout,-0.4307116104869016,Asia,1,0.75
PEM_M15_V2,M15,long,2021-02-06 00:30:00+00:00,2021-02-06 03:30:00+00:00,1814.703,1812.115,1806.175,1831.759,13,timeout,-0.3034709193245731,Asia,0,0.8020833333333334
PEM_M15_V2,M15,short,2021-02-12 00:30:00+00:00,2021-02-12 03:30:00+00:00,1827.565,1823.947,1837.995,1806.7050000000004,13,timeout,0.34688398849474805,Asia,0,0.8958333333333334
PEM_M15_V2,M15,short,2021-02-16 01:00:00+00:00,2021-02-16 07:30:00+00:00,1817.715,1820.735,1820.735,1811.675,8,sl,-1.0,Asia,0,0.08333333333333333
PEM_M15_V2,M15,short,2021-02-18 02:00:00+00:00,2021-02-18 05:00:00+00:00,1771.735,1775.785,1780.068,1755.0689999999997,13,timeout,-0.486019440777648,Asia,1,0.71875
PEM_M15_V2,M15,short,2021-03-02 00:30:00+00:00,2021-03-02 03:30:00+00:00,1729.615,1721.615,1740.825,1707.195,13,timeout,0.7136485280999085,Asia,0,0.8125
PEM_M15_V2,M15,long,2021-03-06 00:45:00+00:00,2021-03-06 03:45:00+00:00,1701.389,1698.348,1694.085,1715.9969999999996,13,timeout,-0.4163472070098574,Asia,0,0.6875
PEM_M15_V2,M15,long,2021-03-08 06:30:00+00:00,2021-03-08 09:30:00+00:00,1708.435,1711.421,1696.865,1731.5749999999998,13,timeout,0.25808124459810894,Asia,6,0.4583333333333333
PEM_M15_V2,M15,long,2021-03-11 00:30:00+00:00,2021-03-11 03:30:00+00:00,1718.859,1725.424,1710.494,1735.589,13,timeout,0.7848176927674893,Asia,0,0.8958333333333334
PEM_M15_V2,M15,long,2021-03-18 01:30:00+00:00,2021-03-18 05:15:00+00:00,1741.774,1748.734,1727.135,1771.0519999999997,13,timeout,0.47544231163331413,Asia,1,1.0
PEM_M15_V2,M15,long,2021-03-18 05:45:00+00:00,2021-03-18 08:45:00+00:00,1749.025,1751.518,1743.634,1759.8070000000002,13,timeout,0.4624373956594144,Asia,5,0.8541666666666666
PEM_M15_V2,M15,short,2021-03-26 00:15:00+00:00,2021-03-26 03:15:00+00:00,1727.965,1727.695,1737.108,1709.6789999999999,13,timeout,0.029530788581426333,Asia,0,0.8645833333333334
PEM_M15_V2,M15,short,2021-03-31 02:00:00+00:00,2021-03-31 05:45:00+00:00,1681.608,1684.84,1687.558,1669.7079999999999,13,timeout,-0.5431932773109154,Asia,1,0.5104166666666666
PEM_M15_V2,M15,short,2021-04-13 02:00:00+00:00,2021-04-13 05:45:00+00:00,1727.758,1732.165,1735.488,1712.298,13,timeout,-0.5701164294954612,Asia,1,0.75
PEM_M15_V2,M15,long,2021-04-14 00:45:00+00:00,2021-04-14 03:45:00+00:00,1746.698,1745.348,1727.665,1784.7640000000004,13,timeout,-0.07092943834393566,Asia,0,0.8125
PEM_M15_V2,M15,long,2021-04-23 06:30:00+00:00,2021-04-23 09:30:00+00:00,1784.905,1787.757,1779.435,1795.845,13,timeout,0.5213893967093373,Asia,6,0.3229166666666667
PEM_M15_V2,M15,short,2021-04-29 01:15:00+00:00,2021-04-29 01:15:00+00:00,1771.248,1775.758,1775.758,1762.228,1,sl,-1.0,Asia,1,0.7916666666666666
PEM_M15_V2,M15,long,2021-05-01 01:00:00+00:00,2021-05-01 04:00:00+00:00,1770.108,1768.428,1765.575,1779.1739999999998,13,timeout,-0.37061548643279785,Asia,0,0.7604166666666666
PEM_M15_V2,M15,short,2021-05-13 03:45:00+00:00,2021-05-13 07:30:00+00:00,1815.418,1814.945,1824.768,1796.7179999999996,13,timeout,0.05058823529411224,Asia,3,0.71875
PEM_M15_V2,M15,long,2021-05-14 01:45:00+00:00,2021-05-14 05:30:00+00:00,1824.718,1826.448,1821.608,1830.9380000000003,13,timeout,0.5562700964630056,Asia,1,0.5833333333333334
PEM_M15_V2,M15,long,2021-05-22 01:00:00+00:00,2021-05-22 04:00:00+00:00,1876.885,1880.898,1872.458,1885.7389999999998,13,timeout,0.9064829455613291,Asia,0,0.84375
PEM_M15_V2,M15,short,2021-05-25 06:45:00+00:00,2021-05-25 09:45:00+00:00,1877.755,1876.388,1881.455,1870.3550000000005,13,timeout,0.36945945945952874,Asia,6,0.10416666666666667
PEM_M15_V2,M15,short,2021-05-27 01:15:00+00:00,2021-05-27 05:00:00+00:00,1893.108,1895.998,1904.808,1869.7079999999999,13,timeout,-0.2470085470085546,Asia,1,0.90625
PEM_M15_V2,M15,long,2021-05-28 00:45:00+00:00,2021-05-28 03:45:00+00:00,1895.598,1896.948,1890.128,1906.538,13,timeout,0.24680073126144966,Asia,0,0.71875
PEM_M15_V2,M15,short,2021-06-17 01:30:00+00:00,2021-06-17 05:15:00+00:00,1834.638,1811.628,1860.288,1783.3379999999997,13,timeout,0.8970760233918094,Asia,1,1.0
PEM_M15_V2,M15,short,2021-06-19 03:30:00+00:00,2021-06-21 07:15:00+00:00,1762.805,1770.985,1773.758,1740.8990000000001,13,timeout,-0.746827353236543,Asia,3,0.8125
PEM_M15_V2,M15,short,2021-06-23 03:15:00+00:00,2021-06-23 07:00:00+00:00,1775.088,1777.528,1780.748,1763.7679999999998,13,timeout,-0.4310954063604274,Asia,3,0.5520833333333334
PEM_M15_V2,M15,short,2021-06-24 02:30:00+00:00,2021-06-24 06:15:00+00:00,1776.878,1776.938,1783.768,1763.0979999999997,13,timeout,-0.008708272859241209,Asia,2,0.7395833333333334
PEM_M15_V2,M15,short,2021-06-30 02:30:00+00:00,2021-06-30 06:15:00+00:00,1761.708,1761.658,1765.361,1754.402,13,timeout,0.01368738023547266,Asia,2,0.71875
PEM_M15_V2,M15,long,2021-07-02 00:30:00+00:00,2021-07-02 03:30:00+00:00,1774.468,1776.315,1769.628,1784.1480000000004,13,timeout,0.38161157024791825,Asia,0,0.84375
PEM_M15_V2,M15,long,2021-07-03 01:15:00+00:00,2021-07-05 05:00:00+00:00,1788.108,1787.448,1781.358,1801.608,13,timeout,-0.09777777777775622,Asia,1,0.78125
PEM_M15_V2,M15,short,2021-07-08 03:30:00+00:00,2021-07-08 07:15:00+00:00,1802.418,1803.518,1806.358,1794.5379999999998,13,timeout,-0.279187817258914,Asia,3,0.6666666666666666
PEM_M15_V2,M15,short,2021-07-12 07:00:00+00:00,2021-07-12 07:30:00+00:00,1806.558,1808.838,1808.838,1801.998,3,sl,-1.0,Asia,6,0.020833333333333332
PEM_M15_V2,M15,short,2021-07-14 00:45:00+00:00,2021-07-14 03:45:00+00:00,1808.698,1807.218,1814.838,1796.4180000000003,13,timeout,0.24104234527688093,Asia,0,0.8020833333333334
PEM_M15_V2,M15,long,2021-07-15 01:00:00+00:00,2021-07-15 04:00:00+00:00,1825.158,1826.868,1821.248,1832.9779999999996,13,timeout,0.437340153452711,Asia,0,0.6979166666666666
PEM_M15_V2,M15,long,2021-07-16 06:30:00+00:00,2021-07-16 08:30:00+00:00,1831.198,1828.628,1828.628,1836.3380000000004,9,sl,-1.0,Asia,6,0.020833333333333332
PEM_M15_V2,M15,short,2021-07-27 01:45:00+00:00,2021-07-27 05:30:00+00:00,1796.825,1797.548,1800.628,1789.2190000000003,13,timeout,-0.19011306863002325,Asia,1,0.59375
PEM_M15_V2,M15,long,2021-08-12 00:45:00+00:00,2021-08-12 03:45:00+00:00,1751.168,1752.148,1747.948,1757.6079999999995,13,timeout,0.3043478260869811,Asia,0,0.8229166666666666
PEM_M15_V2,M15,long,2021-08-16 05:15:00+00:00,2021-08-16 08:15:00+00:00,1779.698,1781.698,1773.278,1792.5380000000002,13,timeout,0.3115264797507753,Asia,5,0.5
PEM_M15_V2,M15,long,2021-08-18 06:15:00+00:00,2021-08-18 09:15:00+00:00,1786.558,1788.758,1784.667,1790.3400000000001,13,timeout,1.1634056054997126,Asia,6,0.20833333333333334
PEM_M15_V2,M15,short,2021-08-20 01:45:00+00:00,2021-08-20 05:30:00+00:00,1777.608,1780.418,1783.888,1765.048,13,timeout,-0.4474522292993563,Asia,1,0.3958333333333333
PEM_M15_V2,M15,short,2021-09-11 01:30:00+00:00,2021-09-13 05:15:00+00:00,1788.418,1788.168,1797.784,1769.6859999999995,13,timeout,0.02669229126628169,Asia,1,0.65625
PEM_M15_V2,M15,short,2021-09-24 03:15:00+00:00,2021-09-24 07:00:00+00:00,1748.044,1746.238,1771.827,1700.4780000000003,13,timeout,0.07593659336501062,Asia,3,0.1875
PEM_M15_V2,M15,short,2021-09-30 00:15:00+00:00,2021-09-30 03:15:00+00:00,1724.848,1725.505,1731.298,1711.9479999999999,13,timeout,-0.10186046511630203,Asia,0,0.7916666666666666
PEM_M15_V2,M15,short,2021-10-08 02:00:00+00:00,2021-10-08 05:45:00+00:00,1755.528,1755.655,1758.918,1748.7480000000003,13,timeout,-0.03746312684364527,Asia,1,0.6770833333333334
PEM_M15_V2,M15,short,2021-10-08 06:30:00+00:00,2021-10-08 08:00:00+00:00,1754.628,1756.298,1756.298,1751.2879999999998,7,sl,-1.0,Asia,6,0.3229166666666667
PEM_M15_V2,M15,short,2021-10-23 01:15:00+00:00,2021-10-25 05:00:00+00:00,1792.094,1792.458,1798.478,1779.326,13,timeout,-0.05701754385965412,Asia,1,0.90625
PEM_M15_V2,M15,long,2021-11-09 02:00:00+00:00,2021-11-09 05:00:00+00:00,1825.803,1823.508,1822.453,1832.5030000000004,13,timeout,-0.6850746268656654,Asia,1,0.4895833333333333
PEM_M15_V2,M15,long,2021-11-10 01:15:00+00:00,2021-11-10 04:15:00+00:00,1830.018,1832.358,1825.35,1839.3540000000003,13,timeout,0.5012853470436713,Asia,1,0.84375
PEM_M15_V2,M15,long,2021-11-13 01:30:00+00:00,2021-11-13 04:30:00+00:00,1864.314,1863.994,1860.968,1871.006,13,timeout,-0.09563658099227836,Asia,1,0.8125
PEM_M15_V2,M15,long,2021-11-15 06:30:00+00:00,2021-11-15 08:15:00+00:00,1866.848,1862.434,1862.434,1875.676,8,sl,-1.0,Asia,6,0.4791666666666667
PEM_M15_V2,M15,short,2021-11-25 01:00:00+00:00,2021-11-25 04:00:00+00:00,1785.558,1788.048,1789.935,1776.804,13,timeout,-0.5688827964359232,Asia,0,0.75
PEM_M15_V2,M15,short,2021-11-30 01:00:00+00:00,2021-11-30 04:00:00+00:00,1782.928,1783.645,1793.938,1760.9080000000001,13,timeout,-0.06512261580380303,Asia,0,0.3125
PEM_M15_V2,M15,long,2021-12-04 00:30:00+00:00,2021-12-04 03:30:00+00:00,1780.778,1784.315,1769.618,1803.0980000000002,13,timeout,0.31693548387096854,Asia,0,0.9583333333333334
PEM_M15_V2,M15,long,2021-12-07 07:00:00+00:00,2021-12-07 10:00:00+00:00,1781.375,1779.858,1777.838,1788.449,13,timeout,-0.4288945433983709,Asia,6,0.03125
PEM_M15_V2,M15,short,2021-12-16 01:30:00+00:00,2021-12-16 02:00:00+00:00,1765.155,1758.9149999999997,1768.275,1758.9149999999997,3,tp,2.0,Asia,1,0.7604166666666666
PEM_M15_V2,M15,long,2021-12-17 06:15:00+00:00,2021-12-17 07:45:00+00:00,1798.755,1797.775,1797.775,1800.7150000000001,7,sl,-1.0,Asia,6,0.0625
PEM_M15_V2,M15,short,2021-12-18 00:45:00+00:00,2021-12-18 03:45:00+00:00,1803.945,1797.968,1809.539,1792.7569999999998,13,timeout,1.0684662138004661,Asia,0,0.84375
PEM_M15_V2,M15,long,2021-12-23 01:15:00+00:00,2021-12-23 04:15:00+00:00,1799.899,1804.178,1797.338,1805.0209999999997,13,timeout,1.6708317063648397,Asia,1,0.7916666666666666
PEM_M15_V2,M15,long,2021-12-24 01:30:00+00:00,2021-12-24 04:30:00+00:00,1808.595,1808.748,1806.108,1813.5690000000002,13,timeout,0.06151990349819666,Asia,1,0.8229166666666666
PEM_M15_V2,M15,long,2021-12-28 03:15:00+00:00,2021-12-28 07:00:00+00:00,1809.019,1812.428,1806.935,1813.1870000000001,13,timeout,1.6357965451055698,Asia,3,0.7083333333333334
PEM_M15_V2,M15,short,2021-12-29 04:30:00+00:00,2021-12-29 08:15:00+00:00,1805.248,1804.318,1807.338,1801.0680000000002,13,timeout,0.4449760765550718,Asia,4,0.7083333333333334
PEM_M15_V2,M15,long,2022-01-01 02:00:00+00:00,2022-01-01 05:00:00+00:00,1827.564,1829.058,1821.818,1839.0560000000003,13,timeout,0.26000696136440826,Asia,1,0.8541666666666666
PEM_M15_V2,M15,long,2022-01-05 00:45:00+00:00,2022-01-05 03:45:00+00:00,1814.365,1813.925,1811.518,1820.059,13,timeout,-0.1545486476993529,Asia,0,0.8645833333333334
PEM_M15_V2,M15,long,2022-01-08 00:15:00+00:00,2022-01-08 03:15:00+00:00,1794.265,1796.478,1789.348,1804.0990000000004,13,timeout,0.4500711816147856,Asia,0,0.9479166666666666
PEM_M15_V2,M15,long,2022-01-12 02:00:00+00:00,2022-01-12 05:00:00+00:00,1818.878,1821.228,1814.778,1827.0779999999997,13,timeout,0.5731707317073631,Asia,1,0.84375
PEM_M15_V2,M15,short,2022-01-21 03:45:00+00:00,2022-01-21 07:30:00+00:00,1838.938,1838.378,1843.658,1829.4980000000005,13,timeout,0.1186440677966518,Asia,3,0.6875
PEM_M15_V2,M15,short,2022-01-22 03:30:00+00:00,2022-01-24 07:15:00+00:00,1828.915,1833.858,1842.728,1801.2889999999998,13,timeout,-0.35785129950046674,Asia,3,0.7395833333333334
PEM_M15_V2,M15,long,2022-01-25 01:45:00+00:00,2022-01-25 04:45:00+00:00,1841.878,1842.968,1832.438,1860.7579999999996,13,timeout,0.11546610169493278,Asia,1,0.84375
PEM_M15_V2,M15,long,2022-02-01 00:30:00+00:00,2022-02-01 03:30:00+00:00,1797.875,1796.298,1790.978,1811.6689999999999,13,timeout,-0.22865013774104873,Asia,0,0.78125
PEM_M15_V2,M15,long,2022-02-08 02:00:00+00:00,2022-02-08 05:00:00+00:00,1820.538,1820.258,1814.588,1832.438,13,timeout,-0.04705882352940682,Asia,1,0.5104166666666666
PEM_M15_V2,M15,short,2022-02-11 02:45:00+00:00,2022-02-11 06:30:00+00:00,1831.764,1826.568,1836.774,1821.744,13,timeout,1.0371257485029786,Asia,2,0.8020833333333334
PEM_M15_V2,M15,long,2022-02-12 02:15:00+00:00,2022-02-14 06:00:00+00:00,1859.138,1860.248,1832.918,1911.578,13,timeout,0.04233409610984463,Asia,2,1.0
PEM_M15_V2,M15,long,2022-02-15 01:30:00+00:00,2022-02-15 04:30:00+00:00,1867.138,1871.824,1860.518,1880.3779999999997,13,timeout,0.707854984894294,Asia,1,0.625
PEM_M15_V2,M15,long,2022-02-18 00:45:00+00:00,2022-02-18 03:45:00+00:00,1898.178,1897.308,1892.888,1908.7580000000005,13,timeout,-0.16446124763706746,Asia,0,0.8125
PEM_M15_V2,M15,long,2022-02-21 06:45:00+00:00,2022-02-21 09:45:00+00:00,1904.891,1896.358,1890.588,1933.4970000000003,13,timeout,-0.5965881283646831,Asia,6,0.7083333333333334
PEM_M15_V2,M15,long,2022-02-24 06:45:00+00:00,2022-02-24 09:45:00+00:00,1910.808,1915.098,1894.026,1944.3719999999998,13,timeout,0.2556310332499096,Asia,6,0.4270833333333333
PEM_M15_V2,M15,short,2022-02-25 02:30:00+00:00,2022-02-25 06:15:00+00:00,1905.798,1907.408,1926.198,1864.9979999999998,13,timeout,-0.07892156862744572,Asia,2,0.9166666666666666
PEM_M15_V2,M15,long,2022-03-02 04:15:00+00:00,2022-03-02 08:00:00+00:00,1946.298,1934.168,1932.648,1973.5980000000002,13,timeout,-0.8886446886446907,Asia,4,0.6979166666666666
PEM_M15_V2,M15,long,2022-03-03 03:30:00+00:00,2022-03-03 07:15:00+00:00,1931.361,1929.548,1915.0,1964.0830000000003,13,timeout,-0.1108122975368309,Asia,3,0.6041666666666666
PEM_M15_V2,M15,long,2022-03-04 03:45:00+00:00,2022-03-04 07:30:00+00:00,1939.198,1942.06,1929.7,1958.1940000000002,13,timeout,0.3013265950726299,Asia,3,0.4166666666666667
PEM_M15_V2,M15,long,2022-03-07 06:30:00+00:00,2022-03-07 09:30:00+00:00,1986.628,1990.578,1966.888,2026.108,13,timeout,0.20010131712259593,Asia,6,0.96875
PEM_M15_V2,M15,short,2022-03-18 03:00:00+00:00,2022-03-18 05:00:00+00:00,1937.108,1942.603,1942.603,1926.1179999999997,6,sl,-1.0,Asia,2,0.28125
PEM_M15_V2,M15,short,2022-03-19 02:30:00+00:00,2022-03-21 06:15:00+00:00,1920.738,1919.538,1929.948,1902.318,13,timeout,0.13029315960912494,Asia,2,0.7708333333333334
PEM_M15_V2,M15,long,2022-03-22 02:15:00+00:00,2022-03-22 06:00:00+00:00,1935.193,1935.978,1927.663,1950.253,13,timeout,0.10424966799469916,Asia,2,0.96875
PEM_M15_V2,M15,long,2022-03-24 00:15:00+00:00,2022-03-24 03:15:00+00:00,1935.103,1946.248,1925.758,1953.7930000000001,13,timeout,1.1926163723916479,Asia,0,0.7916666666666666
PEM_M15_V2,M15,short,2022-03-26 01:00:00+00:00,2022-03-26 04:00:00+00:00,1952.72,1957.043,1957.043,1944.0740000000003,13,sl,-1.0,Asia,0,0.75
PEM_M15_V2,M15,short,2022-03-29 01:30:00+00:00,2022-03-29 02:45:00+00:00,1933.268,1919.828,1939.988,1919.828,6,tp,2.0,Asia,1,0.6770833333333334
PEM_M15_V2,M15,long,2022-04-01 00:45:00+00:00,2022-04-01 02:30:00+00:00,1947.948,1940.439,1940.439,1962.9660000000001,8,sl,-1.0,Asia,0,0.8333333333333334
PEM_M15_V2,M15,short,2022-04-01 03:15:00+00:00,2022-04-01 07:00:00+00:00,1936.818,1936.033,1948.818,1912.818,13,timeout,0.06541666666667349,Asia,3,0.59375
PEM_M15_V2,M15,short,2022-04-02 00:30:00+00:00,2022-04-02 03:30:00+00:00,1920.528,1923.853,1932.615,1896.354,13,timeout,-0.2750889385290021,Asia,0,0.8541666666666666
PEM_M15_V2,M15,short,2022-04-19 00:45:00+00:00,2022-04-19 03:45:00+00:00,1982.258,1977.682,1993.532,1959.7100000000003,13,timeout,0.40588965761930706,Asia,0,0.8333333333333334
PEM_M15_V2,M15,short,2022-04-20 02:45:00+00:00,2022-04-20 06:30:00+00:00,1945.658,1948.828,1958.142,1920.6899999999996,13,timeout,-0.2539250240307621,Asia,2,0.75
PEM_M15_V2,M15,long,2022-04-21 03:00:00+00:00,2022-04-21 06:45:00+00:00,1956.348,1955.508,1949.813,1969.4179999999997,13,timeout,-0.1285386381025152,Asia,2,0.3541666666666667
PEM_M15_V2,M15,long,2022-04-22 02:15:00+00:00,2022-04-22 06:00:00+00:00,1951.468,1951.508,1938.172,1978.0600000000002,13,timeout,0.0030084235860381673,Asia,2,0.8125
PEM_M15_V2,M15,short,2022-04-30 02:45:00+00:00,2022-05-02 06:30:00+00:00,1900.073,1898.918,1915.903,1868.4130000000002,13,timeout,0.07296272899559099,Asia,2,0.8333333333333334
PEM_M15_V2,M15,short,2022-05-03 00:30:00+00:00,2022-05-03 03:30:00+00:00,1864.867,1861.868,1869.668,1855.265,13,timeout,0.6246615288481705,Asia,0,0.8333333333333334
PEM_M15_V2,M15,long,2022-05-05 01:30:00+00:00,2022-05-05 01:45:00+00:00,1872.208,1867.258,1867.258,1882.1080000000002,2,sl,-1.0,Asia,1,1.0
PEM_M15_V2,M15,short,2022-05-13 01:15:00+00:00,2022-05-13 05:00:00+00:00,1823.708,1822.194,1835.927,1799.2700000000004,13,timeout,0.12390539324004791,Asia,1,0.84375
PEM_M15_V2,M15,long,2022-05-17 02:30:00+00:00,2022-05-17 06:15:00+00:00,1823.798,1824.848,1814.304,1842.7859999999998,13,timeout,0.11059616599957489,Asia,2,0.5729166666666666
PEM_M15_V2,M15,short,2022-05-26 00:15:00+00:00,2022-05-26 00:30:00+00:00,1844.193,1847.073,1847.073,1838.4329999999998,2,sl,-1.0,Asia,0,0.8125
PEM_M15_V2,M15,long,2022-05-27 00:30:00+00:00,2022-05-27 03:30:00+00:00,1848.978,1850.748,1845.048,1856.8380000000002,13,timeout,0.45038167938930107,Asia,0,0.6770833333333334
PEM_M15_V2,M15,short,2022-05-30 06:30:00+00:00,2022-05-30 08:45:00+00:00,1848.918,1853.383,1853.383,1839.9879999999996,10,sl,-1.0,Asia,6,0.19791666666666666
PEM_M15_V2,M15,short,2022-05-31 06:30:00+00:00,2022-05-31 08:00:00+00:00,1853.308,1846.9679999999998,1856.478,1846.9679999999998,7,tp,2.0,Asia,6,0.03125
PEM_M15_V2,M15,short,2022-06-22 01:15:00+00:00,2022-06-22 05:00:00+00:00,1833.038,1832.963,1838.973,1821.1680000000001,13,timeout,0.012636899747269783,Asia,1,0.8333333333333334
PEM_M15_V2,M15,short,2022-06-28 01:00:00+00:00,2022-06-28 04:00:00+00:00,1822.413,1822.618,1826.488,1814.263,13,timeout,-0.050306748466239254,Asia,0,0.78125
PEM_M15_V2,M15,short,2022-07-13 00:45:00+00:00,2022-07-13 03:45:00+00:00,1726.094,1725.974,1733.688,1710.906,13,timeout,0.01580194890704733,Asia,0,0.375
PEM_M15_V2,M15,short,2022-07-19 02:30:00+00:00,2022-07-19 06:15:00+00:00,1707.987,1707.964,1712.698,1698.565,13,timeout,0.004882190617732579,Asia,2,0.5208333333333334
PEM_M15_V2,M15,short,2022-07-21 01:30:00+00:00,2022-07-21 03:00:00+00:00,1700.844,1695.676,1703.428,1695.676,7,tp,2.0,Asia,1,0.7708333333333334
PEM_M15_V2,M15,short,2022-07-21 03:15:00+00:00,2022-07-21 07:00:00+00:00,1693.158,1694.618,1702.254,1674.966,13,timeout,-0.16051011433597578,Asia,3,0.75
PEM_M15_V2,M15,long,2022-07-22 03:00:00+00:00,2022-07-22 06:45:00+00:00,1717.858,1718.816,1703.618,1746.338,13,timeout,0.06727528089888224,Asia,2,0.6979166666666666
PEM_M15_V2,M15,short,2022-08-03 01:00:00+00:00,2022-08-03 03:00:00+00:00,1771.844,1761.4560000000001,1777.038,1761.4560000000001,9,tp,2.0,Asia,0,0.84375
PEM_M15_V2,M15,long,2022-08-16 00:30:00+00:00,2022-08-16 03:30:00+00:00,1783.564,1779.044,1775.568,1799.5560000000003,13,timeout,-0.5652826413206513,Asia,0,0.7708333333333334
PEM_M15_V2,M15,short,2022-08-22 07:00:00+00:00,2022-08-22 09:30:00+00:00,1746.278,1747.848,1747.848,1743.1380000000001,11,sl,-1.0,Asia,6,0.020833333333333332
PEM_M15_V2,M15,long,2022-08-26 00:30:00+00:00,2022-08-26 03:30:00+00:00,1758.554,1757.664,1754.248,1767.1660000000002,13,timeout,-0.20668834184860468,Asia,0,0.75
PEM_M15_V2,M15,short,2022-08-29 07:00:00+00:00,2022-08-29 08:30:00+00:00,1734.714,1728.6859999999997,1737.728,1728.6859999999997,7,tp,2.0,Asia,6,0.59375
PEM_M15_V2,M15,short,2022-09-07 00:30:00+00:00,2022-09-07 03:30:00+00:00,1700.734,1700.741,1704.218,1693.7659999999996,13,timeout,-0.0020091848450234048,Asia,0,0.8645833333333334
PEM_M15_V2,M15,long,2022-09-08 00:15:00+00:00,2022-09-08 03:15:00+00:00,1714.805,1716.668,1709.488,1725.439,13,timeout,0.35038555576449626,Asia,0,0.8645833333333334
PEM_M15_V2,M15,short,2022-09-15 00:30:00+00:00,2022-09-15 03:30:00+00:00,1699.594,1697.208,1703.938,1690.906,13,timeout,0.5492633517495256,Asia,0,0.6875
PEM_M15_V2,M15,short,2022-09-22 00:15:00+00:00,2022-09-22 01:45:00+00:00,1665.108,1674.435,1674.435,1646.454,7,sl,-1.0,Asia,0,0.4270833333333333
PEM_M15_V2,M15,short,2022-09-22 05:45:00+00:00,2022-09-22 07:15:00+00:00,1671.158,1664.2379999999998,1674.618,1664.2379999999998,7,tp,2.0,Asia,5,0.875
PEM_M15_V2,M15,short,2022-10-01 01:00:00+00:00,2022-10-01 04:00:00+00:00,1661.265,1659.978,1673.638,1636.5190000000005,13,timeout,0.10401681079770898,Asia,0,0.7083333333333334
PEM_M15_V2,M15,long,2022-10-04 01:00:00+00:00,2022-10-04 04:00:00+00:00,1696.475,1699.608,1663.921,1761.5829999999996,13,timeout,0.09624009338330318,Asia,0,0.8645833333333334
PEM_M15_V2,M15,short,2022-10-12 02:15:00+00:00,2022-10-12 06:00:00+00:00,1665.472,1665.315,1682.958,1630.4999999999998,13,timeout,0.008978611460592732,Asia,2,0.9479166666666666
PEM_M15_V2,M15,long,2022-10-13 00:30:00+00:00,2022-10-13 01:15:00+00:00,1670.695,1677.869,1667.108,1677.869,4,tp,2.0,Asia,0,0.6354166666666666
PEM_M15_V2,M15,long,2022-10-14 01:00:00+00:00,2022-10-14 04:00:00+00:00,1670.138,1666.208,1646.018,1718.3779999999997,13,timeout,-0.16293532338307853,Asia,0,0.8020833333333334
PEM_M15_V2,M15,short,2022-10-18 00:15:00+00:00,2022-10-18 03:15:00+00:00,1657.798,1648.928,1663.748,1645.898,13,timeout,1.4907563025209787,Asia,0,0.625
PEM_M15_V2,M15,short,2022-10-21 01:45:00+00:00,2022-10-21 05:30:00+00:00,1628.428,1626.657,1633.467,1618.3500000000001,13,timeout,0.3514586227426454,Asia,1,0.7604166666666666
PEM_M15_V2,M15,long,2022-11-09 00:15:00+00:00,2022-11-09 03:15:00+00:00,1715.967,1711.568,1671.828,1804.2450000000003,13,timeout,-0.09966243005052453,Asia,0,0.9375
PEM_M15_V2,M15,short,2022-11-10 01:45:00+00:00,2022-11-10 04:45:00+00:00,1709.287,1705.798,1714.257,1699.347,13,timeout,0.7020120724346104,Asia,1,0.7291666666666666
PEM_M15_V2,M15,long,2022-11-11 03:15:00+00:00,2022-11-11 07:00:00+00:00,1753.647,1752.297,1746.118,1768.705,13,timeout,-0.17930668083409612,Asia,3,0.7291666666666666
PEM_M15_V2,M15,short,2022-11-17 02:00:00+00:00,2022-11-17 05:00:00+00:00,1772.447,1773.198,1783.398,1750.5449999999998,13,timeout,-0.06857821203544902,Asia,1,0.46875
PEM_M15_V2,M15,short,2022-11-19 00:30:00+00:00,2022-11-19 03:30:00+00:00,1751.927,1748.348,1762.458,1730.8649999999996,13,timeout,0.33985376507453147,Asia,0,0.84375
PEM_M15_V2,M15,long,2022-11-24 02:00:00+00:00,2022-11-24 05:00:00+00:00,1746.008,1749.225,1740.497,1757.03,13,timeout,0.5837416076936836,Asia,1,0.78125
PEM_M15_V2,M15,short,2022-11-25 01:00:00+00:00,2022-11-25 07:15:00+00:00,1754.907,1753.478,1757.217,1750.2869999999996,13,timeout,0.6186147186146117,Asia,0,0.010416666666666666
PEM_M15_V2,M15,short,2022-11-29 01:45:00+00:00,2022-11-29 04:45:00+00:00,1741.368,1740.828,1750.328,1723.4479999999999,13,timeout,0.060267857142852835,Asia,1,0.8125
PEM_M15_V2,M15,long,2022-12-01 02:15:00+00:00,2022-12-01 06:00:00+00:00,1761.548,1768.748,1750.707,1783.2299999999998,13,timeout,0.6641453740429957,Asia,2,1.0
PEM_M15_V2,M15,short,2022-12-07 02:15:00+00:00,2022-12-07 06:00:00+00:00,1768.017,1770.877,1773.028,1757.9950000000001,13,timeout,-0.5707443624026978,Asia,2,0.5104166666666666
PEM_M15_V2,M15,short,2022-12-15 01:45:00+00:00,2022-12-15 02:00:00+00:00,1807.335,1800.0350000000003,1810.985,1800.0350000000003,2,tp,2.0,Asia,1,0.4166666666666667
PEM_M15_V2,M15,long,2022-12-17 03:30:00+00:00,2022-12-19 07:15:00+00:00,1793.028,1791.385,1786.515,1806.0539999999999,13,timeout,-0.25226470136650536,Asia,3,0.4791666666666667
PEM_M15_V2,M15,long,2022-12-21 00:45:00+00:00,2022-12-21 03:45:00+00:00,1819.088,1818.215,1813.985,1829.294,13,timeout,-0.17107583774251148,Asia,0,0.90625
PEM_M15_V2,M15,short,2022-12-22 01:45:00+00:00,2022-12-22 04:45:00+00:00,1815.435,1814.087,1818.255,1809.7949999999996,13,timeout,0.4780141843971199,Asia,1,0.71875
PEM_M15_V2,M15,short,2022-12-23 01:15:00+00:00,2022-12-23 04:15:00+00:00,1788.985,1791.325,1816.315,1734.3249999999996,13,timeout,-0.08562019758507619,Asia,1,0.90625
PEM_M15_V2,M15,short,2022-12-24 01:15:00+00:00,2022-12-24 04:15:00+00:00,1796.947,1798.095,1802.915,1785.0109999999997,13,timeout,-0.19235924932977946,Asia,1,0.65625
PEM_M15_V2,M15,long,2022-12-27 06:45:00+00:00,2022-12-27 09:45:00+00:00,1801.755,1806.095,1795.335,1814.5950000000003,13,timeout,0.6760124610591696,Asia,6,0.19791666666666666
PEM_M15_V2,M15,long,2022-12-30 01:30:00+00:00,2022-12-30 02:00:00+00:00,1818.575,1815.945,1815.945,1823.8350000000003,3,sl,-1.0,Asia,1,0.7604166666666666
PEM_M15_V2,M15,long,2022-12-31 00:45:00+00:00,2022-12-31 03:45:00+00:00,1820.048,1822.548,1814.155,1831.834,13,timeout,0.4242321398269112,Asia,0,0.9479166666666666
PEM_M15_V2,M15,long,2023-01-10 03:15:00+00:00,2023-01-10 03:45:00+00:00,1874.698,1869.275,1869.275,1885.544,3,sl,-1.0,Asia,3,0.7395833333333334
PEM_M15_V2,M15,long,2023-01-14 01:45:00+00:00,2023-01-14 04:45:00+00:00,1919.195,1919.948,1915.038,1927.5089999999998,13,timeout,0.18114024536929757,Asia,1,0.7083333333333334
PEM_M15_V2,M15,short,2023-01-18 01:00:00+00:00,2023-01-18 04:00:00+00:00,1905.845,1908.285,1912.265,1893.0049999999999,13,timeout,-0.38006230529595436,Asia,0,0.8854166666666666
PEM_M15_V2,M15,long,2023-01-20 02:15:00+00:00,2023-01-20 03:15:00+00:00,1924.308,1933.214,1919.855,1933.214,5,tp,2.0,Asia,2,0.71875
PEM_M15_V2,M15,long,2023-01-24 01:30:00+00:00,2023-01-24 04:30:00+00:00,1926.525,1931.198,1920.595,1938.3850000000002,13,timeout,0.7880269814502447,Asia,1,0.8645833333333334
PEM_M15_V2,M15,long,2023-01-25 02:45:00+00:00,2023-01-25 06:30:00+00:00,1936.035,1936.315,1931.975,1944.1550000000004,13,timeout,0.06896551724136965,Asia,2,0.78125
PEM_M15_V2,M15,long,2023-01-26 00:30:00+00:00,2023-01-26 03:30:00+00:00,1937.127,1944.195,1925.705,1959.971,13,timeout,0.6188058133426693,Asia,0,0.875
PEM_M15_V2,M15,long,2023-02-07 02:30:00+00:00,2023-02-07 06:15:00+00:00,1870.815,1867.758,1863.998,1884.449,13,timeout,-0.4484377292063977,Asia,2,0.4791666666666667
PEM_M15_V2,M15,short,2023-02-08 03:45:00+00:00,2023-02-08 05:00:00+00:00,1868.625,1874.468,1874.468,1856.9389999999999,6,sl,-1.0,Asia,3,0.8958333333333334
PEM_M15_V2,M15,short,2023-02-09 03:00:00+00:00,2023-02-09 06:45:00+00:00,1876.237,1875.385,1879.365,1869.9810000000002,13,timeout,0.2723785166240756,Asia,2,0.5
PEM_M15_V2,M15,short,2023-02-10 03:15:00+00:00,2023-02-10 07:00:00+00:00,1861.165,1861.105,1867.355,1848.7849999999999,13,timeout,0.009693053311784314,Asia,3,0.9270833333333334
PEM_M15_V2,M15,long,2023-02-22 01:15:00+00:00,2023-02-22 01:45:00+00:00,1837.255,1832.065,1832.065,1847.6350000000002,3,sl,-1.0,Asia,1,0.875
PEM_M15_V2,M15,long,2023-03-01 00:45:00+00:00,2023-03-01 03:45:00+00:00,1830.528,1827.365,1825.665,1840.2540000000001,13,timeout,-0.6504215504832355,Asia,0,0.9166666666666666
PEM_M15_V2,M15,long,2023-03-04 02:30:00+00:00,2023-03-06 06:15:00+00:00,1849.605,1853.605,1845.775,1857.2649999999999,13,timeout,1.0443864229765212,Asia,2,0.7291666666666666
PEM_M15_V2,M15,short,2023-03-07 01:45:00+00:00,2023-03-07 02:15:00+00:00,1848.705,1845.0789999999997,1850.518,1845.0789999999997,3,tp,2.0,Asia,1,0.8333333333333334
PEM_M15_V2,M15,short,2023-03-08 01:15:00+00:00,2023-03-08 04:15:00+00:00,1816.975,1814.155,1821.585,1807.7549999999997,13,timeout,0.6117136659435701,Asia,1,0.90625
PEM_M15_V2,M15,short,2023-03-09 01:45:00+00:00,2023-03-09 04:45:00+00:00,1814.715,1813.725,1819.655,1804.8349999999998,13,timeout,0.20040485829959476,Asia,1,0.7708333333333334
PEM_M15_V2,M15,long,2023-03-10 01:45:00+00:00,2023-03-10 04:45:00+00:00,1830.768,1830.835,1827.535,1837.234,13,timeout,0.020723785957317775,Asia,1,0.7916666666666666
PEM_M15_V2,M15,long,2023-03-14 00:30:00+00:00,2023-03-14 03:30:00+00:00,1911.815,1912.275,1902.924,1929.5970000000002,13,timeout,0.05173771229333398,Asia,0,0.7604166666666666
PEM_M15_V2,M15,long,2023-03-15 00:30:00+00:00,2023-03-15 03:30:00+00:00,1909.794,1903.835,1902.105,1925.1720000000003,13,timeout,-0.7750032513981011,Asia,0,0.65625
PEM_M15_V2,M15,short,2023-03-16 02:00:00+00:00,2023-03-16 05:45:00+00:00,1912.575,1919.685,1935.898,1865.9290000000003,13,timeout,-0.3048492904000318,Asia,1,1.0
PEM_M15_V2,M15,long,2023-03-18 01:00:00+00:00,2023-03-18 04:00:00+00:00,1972.125,1987.798,1959.935,1996.505,13,timeout,1.2857260049220616,Asia,0,0.90625
PEM_M15_V2,M15,short,2023-03-22 00:45:00+00:00,2023-03-22 03:45:00+00:00,1938.025,1939.914,1948.858,1916.3590000000004,13,timeout,-0.17437459614141249,Asia,0,0.8645833333333334
PEM_M15_V2,M15,long,2023-03-23 01:30:00+00:00,2023-03-23 01:45:00+00:00,1955.235,1973.6549999999995,1946.025,1973.6549999999995,2,tp,2.0,Asia,1,0.96875
PEM_M15_V2,M15,long,2023-03-24 01:15:00+00:00,2023-03-24 05:00:00+00:00,1998.474,1993.424,1984.248,2026.9259999999997,13,timeout,-0.35498383241951326,Asia,1,0.6666666666666666
PEM_M15_V2,M15,short,2023-03-25 01:00:00+00:00,2023-03-25 04:00:00+00:00,1978.305,1977.988,1987.205,1960.5050000000003,13,timeout,0.03561797752809125,Asia,0,0.8541666666666666
PEM_M15_V2,M15,short,2023-03-28 00:45:00+00:00,2023-03-28 03:45:00+00:00,1951.915,1956.548,1959.335,1937.0749999999998,13,timeout,-0.6243935309973037,Asia,0,0.6458333333333334
PEM_M15_V2,M15,long,2023-03-29 01:00:00+00:00,2023-03-29 04:00:00+00:00,1971.898,1972.915,1965.605,1984.4839999999997,13,timeout,0.16160813602416496,Asia,0,0.6770833333333334
PEM_M15_V2,M15,long,2023-04-26 00:45:00+00:00,2023-04-26 03:45:00+00:00,1994.998,1996.408,1985.105,2014.784,13,timeout,0.14252501768926013,Asia,0,0.8229166666666666
PEM_M15_V2,M15,long,2023-05-04 05:15:00+00:00,2023-05-04 08:15:00+00:00,2061.898,2049.525,2028.935,2127.8240000000005,13,timeout,-0.37536025240421,Asia,5,1.0
PEM_M15_V2,M15,long,2023-05-22 05:30:00+00:00,2023-05-22 08:30:00+00:00,1979.994,1980.005,1974.098,1991.7859999999998,13,timeout,0.0018656716418240689,Asia,5,0.7395833333333334
PEM_M15_V2,M15,short,2023-05-23 02:00:00+00:00,2023-05-23 05:45:00+00:00,1972.695,1971.445,1975.695,1966.695,13,timeout,0.4166666666666667,Asia,1,0.6458333333333334
PEM_M15_V2,M15,long,2023-05-24 01:45:00+00:00,2023-05-24 05:30:00+00:00,1975.585,1975.644,1972.714,1981.3270000000002,13,timeout,0.020550330895147035,Asia,1,0.8125
PEM_M15_V2,M15,short,2023-06-15 04:00:00+00:00,2023-06-15 07:45:00+00:00,1941.185,1940.845,1946.965,1929.625,13,timeout,0.05882352941175082,Asia,3,0.9166666666666666
PEM_M15_V2,M15,short,2023-06-23 05:00:00+00:00,2023-06-23 08:00:00+00:00,1913.504,1915.445,1917.075,1906.3619999999996,13,timeout,-0.5435452254270385,Asia,4,0.5625
PEM_M15_V2,M15,short,2023-07-06 01:45:00+00:00,2023-07-06 05:30:00+00:00,1916.385,1917.628,1920.254,1908.6470000000002,13,timeout,-0.32127164642025474,Asia,1,0.8333333333333334
PEM_M15_V2,M15,long,2023-07-11 01:00:00+00:00,2023-07-11 04:00:00+00:00,1926.298,1925.008,1922.008,1934.878,13,timeout,-0.3006993006992948,Asia,0,0.6770833333333334
PEM_M15_V2,M15,short,2023-07-17 05:45:00+00:00,2023-07-17 08:30:00+00:00,1953.434,1955.365,1955.365,1949.572,12,sl,-1.0,Asia,5,0.5833333333333334
PEM_M15_V2,M15,short,2023-07-21 03:30:00+00:00,2023-07-21 06:15:00+00:00,1968.765,1971.358,1971.358,1963.5790000000004,9,sl,-1.0,Asia,3,0.6770833333333334
PEM_M15_V2,M15,short,2023-07-25 01:45:00+00:00,2023-07-25 05:30:00+00:00,1955.238,1954.835,1960.615,1944.4840000000002,13,timeout,0.07494885623954316,Asia,1,0.8229166666666666
PEM_M15_V2,M15,short,2023-08-11 00:45:00+00:00,2023-08-11 03:45:00+00:00,1916.345,1912.568,1921.245,1906.5450000000003,13,timeout,0.7708163265306426,Asia,0,0.84375
PEM_M15_V2,M15,long,2023-08-30 02:45:00+00:00,2023-08-30 06:30:00+00:00,1937.655,1936.325,1920.948,1971.0689999999997,13,timeout,-0.079607350212482,Asia,2,0.7708333333333334
PEM_M15_V2,M15,short,2023-09-01 00:45:00+00:00,2023-09-01 03:45:00+00:00,1939.965,1939.508,1942.945,1934.0049999999999,13,timeout,0.15335570469794535,Asia,0,0.8125
PEM_M15_V2,M15,long,2023-09-19 03:30:00+00:00,2023-09-19 07:15:00+00:00,1933.525,1933.975,1930.295,1939.9850000000001,13,timeout,0.13931888544885931,Asia,3,0.5104166666666666
PEM_M15_V2,M15,short,2023-09-28 00:30:00+00:00,2023-09-28 03:30:00+00:00,1875.675,1875.728,1882.278,1862.4689999999998,13,timeout,-0.008026654550978408,Asia,0,0.9270833333333334
PEM_M15_V2,M15,short,2023-10-11 01:15:00+00:00,2023-10-11 05:00:00+00:00,1858.065,1859.878,1862.358,1849.4790000000003,13,timeout,-0.42231539715814576,Asia,1,0.8854166666666666
PEM_M15_V2,M15,short,2023-10-18 01:00:00+00:00,2023-10-18 04:00:00+00:00,1920.815,1922.798,1926.285,1909.875,13,timeout,-0.3625228519195498,Asia,0,0.8125
PEM_M15_V2,M15,long,2023-10-20 02:45:00+00:00,2023-10-20 06:30:00+00:00,1976.765,1974.655,1949.725,2030.8450000000005,13,timeout,-0.07803254437870238,Asia,2,0.9166666666666666
PEM_M15_V2,M15,short,2023-10-24 03:00:00+00:00,2023-10-24 06:45:00+00:00,1971.435,1972.198,1978.015,1958.2749999999996,13,timeout,-0.1159574468085303,Asia,2,0.375
PEM_M15_V2,M15,long,2023-10-28 01:00:00+00:00,2023-10-28 04:00:00+00:00,1994.305,2005.648,1979.545,2023.825,13,timeout,0.7684959349593398,Asia,0,0.9583333333333334
PEM_M15_V2,M15,short,2023-11-01 00:45:00+00:00,2023-11-01 03:45:00+00:00,1985.095,1983.678,1995.005,1965.2749999999999,13,timeout,0.1429868819374273,Asia,0,0.96875
PEM_M15_V2,M15,short,2023-11-07 02:45:00+00:00,2023-11-07 06:30:00+00:00,1979.255,1977.695,1984.345,1969.0750000000003,13,timeout,0.30648330058942985,Asia,2,0.19791666666666666
PEM_M15_V2,M15,short,2023-11-09 01:45:00+00:00,2023-11-09 04:45:00+00:00,1951.615,1949.768,1955.565,1943.715,13,timeout,0.46759493670885033,Asia,1,0.8958333333333334
PEM_M15_V2,M15,short,2023-11-11 01:15:00+00:00,2023-11-11 04:15:00+00:00,1936.755,1936.865,1939.995,1930.2750000000005,13,timeout,-0.03395061728392203,Asia,1,0.71875
PEM_M15_V2,M15,long,2023-11-21 01:45:00+00:00,2023-11-21 04:45:00+00:00,1978.178,1977.088,1972.445,1989.6440000000005,13,timeout,-0.19012733298449544,Asia,1,0.90625
PEM_M15_V2,M15,long,2023-11-28 04:30:00+00:00,2023-11-28 08:15:00+00:00,2014.258,2016.908,2007.615,2027.544,13,timeout,0.3989161523407876,Asia,4,0.010416666666666666
PEM_M15_V2,M15,long,2023-11-30 00:45:00+00:00,2023-11-30 03:45:00+00:00,2044.825,2044.535,2039.455,2055.5650000000005,13,timeout,-0.05400372439477789,Asia,0,0.8333333333333334
PEM_M15_V2,M15,long,2023-12-01 00:30:00+00:00,2023-12-01 01:45:00+00:00,2040.255,2036.565,2036.565,2047.6350000000002,6,sl,-1.0,Asia,0,0.8958333333333334
PEM_M15_V2,M15,short,2023-12-09 00:30:00+00:00,2023-12-09 03:30:00+00:00,1995.055,2002.518,2009.945,1965.2750000000003,13,timeout,-0.5012088650100759,Asia,0,0.9479166666666666
PEM_M15_V2,M15,short,2023-12-12 00:45:00+00:00,2023-12-12 03:45:00+00:00,1979.095,1980.565,1995.545,1946.195,13,timeout,-0.08936170212766098,Asia,0,0.75
PEM_M15_V2,M15,short,2023-12-13 00:45:00+00:00,2023-12-13 03:45:00+00:00,1978.885,1979.958,1983.385,1969.885,13,timeout,-0.23844444444446505,Asia,0,0.84375
PEM_M15_V2,M15,long,2023-12-14 07:00:00+00:00,2023-12-14 10:00:00+00:00,2028.995,2032.105,2023.635,2039.7149999999997,13,timeout,0.5802238805970495,Asia,6,0.875
PEM_M15_V2,M15,short,2023-12-16 01:45:00+00:00,2023-12-16 04:45:00+00:00,2020.705,2018.608,2036.058,1989.9989999999998,13,timeout,0.1365856835797545,Asia,1,0.8645833333333334
PEM_M15_V2,M15,long,2023-12-27 03:15:00+00:00,2023-12-27 04:00:00+00:00,2061.498,2068.444,2058.025,2068.444,4,tp,2.0,Asia,3,0.4375
PEM_M15_V2,M15,short,2024-01-05 00:45:00+00:00,2024-01-05 03:45:00+00:00,2040.855,2044.275,2046.168,2030.2290000000003,13,timeout,-0.6437041219650205,Asia,0,0.6770833333333334
PEM_M15_V2,M15,long,2024-01-13 01:45:00+00:00,2024-01-13 04:45:00+00:00,2047.105,2048.318,2041.635,2058.045,13,timeout,0.2217550274223376,Asia,1,0.7604166666666666
PEM_M15_V2,M15,short,2024-01-18 00:30:00+00:00,2024-01-18 03:30:00+00:00,2005.185,2005.475,2010.465,1994.625,13,timeout,-0.05492424242423582,Asia,0,0.8020833333333334
PEM_M15_V2,M15,long,2024-01-19 01:15:00+00:00,2024-01-19 03:30:00+00:00,2015.735,2021.215,2012.995,2021.215,10,tp,2.0,Asia,1,0.65625
PEM_M15_V2,M15,long,2024-01-19 04:00:00+00:00,2024-01-19 07:45:00+00:00,2021.665,2022.895,2018.825,2027.3449999999998,13,timeout,0.4330985915493147,Asia,3,0.5729166666666666
PEM_M15_V2,M15,long,2024-01-24 02:45:00+00:00,2024-01-24 06:30:00+00:00,2028.845,2027.615,2022.495,2041.5450000000003,13,timeout,-0.1937007874015735,Asia,2,0.5
PEM_M15_V2,M15,short,2024-01-25 03:00:00+00:00,2024-01-25 06:15:00+00:00,2012.295,2015.445,2015.445,2005.9950000000003,11,sl,-1.0,Asia,2,0.8020833333333334
PEM_M15_V2,M15,long,2024-01-26 04:30:00+00:00,2024-01-26 08:15:00+00:00,2019.375,2022.765,2016.845,2024.435,13,timeout,1.3399209486166548,Asia,4,0.6354166666666666
PEM_M15_V2,M15,short,2024-01-27 01:15:00+00:00,2024-01-27 04:15:00+00:00,2016.515,2018.935,2023.765,2002.015,13,timeout,-0.3337931034482545,Asia,1,0.6770833333333334
PEM_M15_V2,M15,long,2024-01-30 03:30:00+00:00,2024-01-30 07:15:00+00:00,2031.265,2031.715,2025.745,2042.3050000000005,13,timeout,0.08152173913039874,Asia,3,0.6770833333333334
PEM_M15_V2,M15,long,2024-01-31 00:15:00+00:00,2024-01-31 03:15:00+00:00,2035.905,2035.815,2031.275,2045.1649999999997,13,timeout,-0.019438444924388863,Asia,0,0.9270833333333334
PEM_M15_V2,M15,short,2024-02-01 02:15:00+00:00,2024-02-01 06:00:00+00:00,2041.305,2039.765,2053.914,2016.0869999999998,13,timeout,0.1221349829486831,Asia,2,0.9479166666666666
PEM_M15_V2,M15,long,2024-02-06 01:00:00+00:00,2024-02-06 04:00:00+00:00,2025.105,2024.825,2020.445,2034.4250000000002,13,timeout,-0.06008583690986433,Asia,0,0.7916666666666666
PEM_M15_V2,M15,short,2024-02-15 03:00:00+00:00,2024-02-15 06:45:00+00:00,1989.835,1993.335,1995.185,1979.1350000000002,13,timeout,-0.6542056074766467,Asia,2,0.75
PEM_M15_V2,M15,long,2024-02-16 01:30:00+00:00,2024-02-16 04:30:00+00:00,2004.245,2003.948,1995.815,2021.1049999999996,13,timeout,-0.03523131672595538,Asia,1,0.7916666666666666
PEM_M15_V2,M15,long,2024-02-17 01:15:00+00:00,2024-02-17 04:15:00+00:00,2012.905,2013.205,2008.435,2021.845,13,timeout,0.06711409395972096,Asia,1,0.8854166666666666
PEM_M15_V2,M15,short,2024-02-22 00:30:00+00:00,2024-02-22 03:30:00+00:00,2022.915,2025.298,2029.615,2009.5149999999999,13,timeout,-0.35567164179104804,Asia,0,0.9166666666666666
PEM_M15_V2,M15,long,2024-02-24 01:30:00+00:00,2024-02-24 04:30:00+00:00,2038.385,2035.078,2033.005,2049.1449999999995,13,timeout,-0.614684014869905,Asia,1,0.8541666666666666
PEM_M15_V2,M15,long,2024-02-27 04:00:00+00:00,2024-02-27 07:45:00+00:00,2033.295,2031.108,2026.475,2046.9350000000004,13,timeout,-0.3206744868035298,Asia,3,0.59375
PEM_M15_V2,M15,short,2024-02-28 03:00:00+00:00,2024-02-28 06:45:00+00:00,2030.035,2030.715,2036.805,2016.4950000000001,13,timeout,-0.10044313146230992,Asia,2,0.8125
PEM_M15_V2,M15,short,2024-02-29 02:15:00+00:00,2024-02-29 03:30:00+00:00,2031.435,2033.715,2033.715,2026.875,6,sl,-1.0,Asia,2,0.71875
PEM_M15_V2,M15,long,2024-03-07 01:45:00+00:00,2024-03-07 02:15:00+00:00,2151.035,2141.835,2141.835,2169.4349999999995,3,sl,-1.0,Asia,1,0.8958333333333334
PEM_M15_V2,M15,short,2024-03-09 02:30:00+00:00,2024-03-11 05:00:00+00:00,2170.685,2179.975,2179.975,2152.105,12,sl,-1.0,Asia,2,0.9583333333333334
PEM_M15_V2,M15,short,2024-03-13 01:15:00+00:00,2024-03-13 05:00:00+00:00,2154.395,2158.674,2176.445,2110.2949999999996,13,timeout,-0.194058956916098,Asia,1,0.8020833333333334
PEM_M15_V2,M15,long,2024-03-14 00:30:00+00:00,2024-03-14 03:30:00+00:00,2179.345,2174.385,2171.235,2195.564999999999,13,timeout,-0.6115906288532407,Asia,0,0.8333333333333334
PEM_M15_V2,M15,short,2024-03-16 00:30:00+00:00,2024-03-16 03:30:00+00:00,2158.115,2157.915,2163.225,2147.8949999999995,13,timeout,0.03913894324849572,Asia,0,0.8333333333333334
PEM_M15_V2,M15,long,2024-03-20 01:00:00+00:00,2024-03-20 04:00:00+00:00,2156.385,2156.995,2153.038,2163.0790000000006,13,timeout,0.18225276366884816,Asia,0,0.7604166666666666
PEM_M15_V2,M15,long,2024-03-21 01:30:00+00:00,2024-03-21 02:30:00+00:00,2166.125,2187.925,2155.225,2187.925,5,tp,2.0,Asia,1,1.0
PEM_M15_V2,M15,long,2024-03-21 05:45:00+00:00,2024-03-21 08:45:00+00:00,2206.875,2203.115,2180.745,2259.135,13,timeout,-0.14389590508994268,Asia,5,1.0
PEM_M15_V2,M15,long,2024-04-01 05:00:00+00:00,2024-04-01 08:00:00+00:00,2238.435,2254.195,2213.108,2289.0889999999995,13,timeout,0.6222608283650002,Asia,4,0.75
PEM_M15_V2,M15,long,2024-04-03 01:15:00+00:00,2024-04-03 05:00:00+00:00,2265.945,2281.005,2258.185,2281.4650000000006,13,timeout,1.9407216494844746,Asia,1,0.8645833333333334
PEM_M15_V2,M15,short,2024-04-05 00:15:00+00:00,2024-04-05 01:15:00+00:00,2286.925,2294.865,2294.865,2271.045000000001,5,sl,-1.0,Asia,0,0.75
PEM_M15_V2,M15,long,2024-04-09 01:00:00+00:00,2024-04-09 04:00:00+00:00,2336.518,2338.845,2325.925,2357.7039999999997,13,timeout,0.219673369206061,Asia,0,0.3333333333333333
PEM_M15_V2,M15,short,2024-04-11 02:00:00+00:00,2024-04-11 06:00:00+00:00,2334.385,2336.135,2340.825,2321.505000000001,13,timeout,-0.27173913043479947,Asia,1,0.8020833333333334
PEM_M15_V2,M15,long,2024-04-16 02:30:00+00:00,2024-04-16 06:15:00+00:00,2379.818,2385.835,2363.255,2412.9440000000004,13,timeout,0.3632795991064293,Asia,2,0.5104166666666666
PEM_M15_V2,M15,long,2024-04-20 00:15:00+00:00,2024-04-20 03:15:00+00:00,2400.815,2387.515,2372.855,2456.735,13,timeout,-0.4756795422031532,Asia,0,0.4583333333333333
PEM_M15_V2,M15,long,2024-05-02 02:00:00+00:00,2024-05-02 05:45:00+00:00,2323.825,2320.325,2293.305,2384.865,13,timeout,-0.11467889908256887,Asia,1,1.0
PEM_M15_V2,M15,long,2024-05-03 01:15:00+00:00,2024-05-03 05:00:00+00:00,2307.895,2303.885,2298.918,2325.8489999999997,13,timeout,-0.44669711484903923,Asia,1,0.625
PEM_M15_V2,M15,long,2024-05-08 05:45:00+00:00,2024-05-08 08:30:00+00:00,2315.825,2311.745,2311.745,2323.9849999999997,12,sl,-1.0,Asia,5,0.010416666666666666
PEM_M15_V2,M15,long,2024-05-10 02:15:00+00:00,2024-05-10 06:00:00+00:00,2336.994,2346.605,2329.415,2352.1520000000005,13,timeout,1.2681092492412787,Asia,2,0.7604166666666666
PEM_M15_V2,M15,short,2024-05-23 01:45:00+00:00,2024-05-23 05:30:00+00:00,2379.625,2380.345,2394.235,2350.4049999999997,13,timeout,-0.0492813141683637,Asia,1,0.8854166666666666
PEM_M15_V2,M15,short,2024-05-24 01:00:00+00:00,2024-05-24 04:00:00+00:00,2333.465,2328.375,2345.708,2308.9790000000003,13,timeout,0.41574777423835424,Asia,0,0.8854166666666666
PEM_M15_V2,M15,long,2024-05-29 05:15:00+00:00,2024-05-29 07:45:00+00:00,2361.625,2357.705,2357.705,2369.465,11,sl,-1.0,Asia,5,0.6458333333333334
PEM_M15_V2,M15,short,2024-05-30 02:15:00+00:00,2024-05-30 06:00:00+00:00,2338.055,2337.708,2344.198,2325.769,13,timeout,0.05648705844046085,Asia,2,0.6666666666666666
PEM_M15_V2,M15,long,2024-05-31 00:15:00+00:00,2024-05-31 03:15:00+00:00,2348.595,2341.798,2331.535,2382.7149999999997,13,timeout,-0.3984173505275526,Asia,0,0.7708333333333334
PEM_M15_V2,M15,long,2024-06-15 00:45:00+00:00,2024-06-15 03:45:00+00:00,2333.725,2332.378,2325.735,2349.7049999999995,13,timeout,-0.16858573216518016,Asia,0,0.75
PEM_M15_V2,M15,short,2024-06-22 00:45:00+00:00,2024-06-22 03:45:00+00:00,2318.475,2321.005,2328.605,2298.2149999999997,13,timeout,-0.24975320829221845,Asia,0,0.8854166666666666
PEM_M15_V2,M15,short,2024-06-27 02:45:00+00:00,2024-06-27 06:30:00+00:00,2297.408,2297.595,2302.928,2286.368,13,timeout,-0.033876811594184555,Asia,2,0.3854166666666667
PEM_M15_V2,M15,long,2024-07-03 02:30:00+00:00,2024-07-03 06:15:00+00:00,2328.738,2330.698,2319.895,2346.4239999999995,13,timeout,0.221644238380648,Asia,2,0.6979166666666666
PEM_M15_V2,M15,short,2024-07-11 00:45:00+00:00,2024-07-11 03:45:00+00:00,2373.095,2371.238,2380.628,2358.028999999999,13,timeout,0.2465153325368224,Asia,0,0.8229166666666666
PEM_M15_V2,M15,long,2024-07-17 01:00:00+00:00,2024-07-17 04:00:00+00:00,2463.975,2468.355,2446.475,2498.975,13,timeout,0.2502857142857205,Asia,0,0.8333333333333334
PEM_M15_V2,M15,short,2024-07-19 00:45:00+00:00,2024-07-19 03:45:00+00:00,2453.385,2444.678,2461.948,2436.259000000001,13,timeout,1.0168165362607373,Asia,0,0.7916666666666666
PEM_M15_V2,M15,long,2024-07-24 02:45:00+00:00,2024-07-24 06:30:00+00:00,2407.588,2408.565,2403.758,2415.248000000001,13,timeout,0.2550913838119489,Asia,2,0.4479166666666667
PEM_M15_V2,M15,short,2024-07-25 01:00:00+00:00,2024-07-25 04:00:00+00:00,2411.895,2397.015,2422.055,2391.5750000000003,13,timeout,1.46456692913389,Asia,0,0.8645833333333334
PEM_M15_V2,M15,short,2024-07-26 01:00:00+00:00,2024-07-26 04:00:00+00:00,2353.978,2364.175,2365.425,2331.084,13,timeout,-0.8908010832532552,Asia,0,0.8333333333333334
PEM_M15_V2,M15,long,2024-08-01 00:45:00+00:00,2024-08-01 01:00:00+00:00,2428.095,2422.115,2422.115,2440.055,2,sl,-1.0,Asia,0,0.375
PEM_M15_V2,M15,short,2024-08-08 03:30:00+00:00,2024-08-08 07:15:00+00:00,2385.938,2384.205,2390.335,2377.1440000000002,13,timeout,0.3941323629748011,Asia,3,0.53125
PEM_M15_V2,M15,long,2024-08-17 03:30:00+00:00,2024-08-19 07:15:00+00:00,2508.955,2506.605,2501.625,2523.615,13,timeout,-0.32060027285128684,Asia,3,0.6979166666666666
PEM_M15_V2,M15,long,2024-08-28 00:45:00+00:00,2024-08-28 03:45:00+00:00,2518.368,2524.828,2510.905,2533.2939999999994,13,timeout,0.86560364464696,Asia,0,0.84375
PEM_M15_V2,M15,long,2024-08-30 00:30:00+00:00,2024-08-30 02:00:00+00:00,2526.095,2521.795,2521.795,2534.6949999999993,7,sl,-1.0,Asia,0,0.7604166666666666
PEM_M15_V2,M15,long,2024-09-06 01:00:00+00:00,2024-09-06 04:00:00+00:00,2512.965,2516.475,2508.308,2522.2790000000005,13,timeout,0.7537041013527267,Asia,0,0.8229166666666666
PEM_M15_V2,M15,long,2024-09-10 03:15:00+00:00,2024-09-10 07:00:00+00:00,2505.938,2507.195,2499.365,2519.0840000000007,13,timeout,0.19123687813783669,Asia,3,0.28125
PEM_M15_V2,M15,long,2024-09-25 02:00:00+00:00,2024-09-25 05:45:00+00:00,2656.518,2659.228,2642.695,2684.1639999999998,13,timeout,0.19605006149172124,Asia,1,0.7708333333333334
PEM_M15_V2,M15,long,2024-09-27 00:45:00+00:00,2024-09-27 03:45:00+00:00,2671.138,2672.448,2665.575,2682.264,13,timeout,0.2354844508358658,Asia,0,0.8229166666666666
PEM_M15_V2,M15,long,2024-09-30 07:00:00+00:00,2024-09-30 08:15:00+00:00,2664.005,2659.848,2659.848,2672.3190000000004,6,sl,-1.0,Asia,6,0.53125
PEM_M15_V2,M15,short,2024-10-11 00:30:00+00:00,2024-10-11 02:00:00+00:00,2618.345,2629.015,2629.015,2597.0049999999997,7,sl,-1.0,Asia,0,0.8854166666666666
PEM_M15_V2,M15,short,2024-10-15 05:00:00+00:00,2024-10-15 08:00:00+00:00,2646.905,2648.705,2653.198,2634.319000000001,13,timeout,-0.28603209915776623,Asia,4,0.17708333333333334
PEM_M15_V2,M15,long,2024-10-21 06:30:00+00:00,2024-10-21 09:30:00+00:00,2723.875,2728.175,2720.885,2729.8549999999996,13,timeout,1.4381270903011691,Asia,6,0.13541666666666666
PEM_M15_V2,M15,short,2024-10-24 00:45:00+00:00,2024-10-24 03:45:00+00:00,2716.315,2714.978,2723.135,2702.6749999999997,13,timeout,0.19604105571846878,Asia,0,0.875
PEM_M15_V2,M15,long,2024-10-26 00:30:00+00:00,2024-10-26 03:30:00+00:00,2740.105,2744.545,2718.725,2782.8650000000002,13,timeout,0.20767072029934666,Asia,0,0.7916666666666666
PEM_M15_V2,M15,short,2024-11-14 06:15:00+00:00,2024-11-14 06:30:00+00:00,2571.848,2576.595,2576.595,2562.3540000000003,2,sl,-1.0,Asia,6,0.6458333333333334
PEM_M15_V2,M15,long,2024-11-25 06:00:00+00:00,2024-11-25 06:00:00+00:00,2713.375,2700.945,2700.945,2738.2349999999997,1,sl,-1.0,Asia,5,0.4583333333333333
PEM_M15_V2,M15,short,2024-11-26 00:45:00+00:00,2024-11-26 03:45:00+00:00,2624.865,2627.435,2682.785,2509.0249999999996,13,timeout,-0.04437154696132874,Asia,0,0.8020833333333334
PEM_M15_V2,M15,short,2024-11-27 01:30:00+00:00,2024-11-27 04:00:00+00:00,2621.008,2632.395,2632.395,2598.2339999999995,11,sl,-1.0,Asia,1,0.46875
PEM_M15_V2,M15,short,2024-12-02 06:45:00+00:00,2024-12-02 07:45:00+00:00,2645.835,2631.157,2653.174,2631.157,5,tp,2.0,Asia,6,0.6666666666666666
PEM_M15_V2,M15,short,2024-12-03 01:45:00+00:00,2024-12-03 03:45:00+00:00,2635.285,2643.495,2643.495,2618.865,9,sl,-1.0,Asia,1,0.3125
PEM_M15_V2,M15,long,2024-12-12 01:45:00+00:00,2024-12-12 02:00:00+00:00,2719.385,2714.164,2714.164,2729.827,2,sl,-1.0,Asia,1,0.5
PEM_M15_V2,M15,long,2024-12-18 01:30:00+00:00,2024-12-18 04:30:00+00:00,2645.595,2644.684,2637.148,2662.488999999999,13,timeout,-0.10784894045218894,Asia,1,0.7916666666666666
PEM_M15_V2,M15,short,2024-12-19 05:00:00+00:00,2024-12-19 08:45:00+00:00,2587.165,2616.985,2637.618,2486.259,13,timeout,-0.5910451311121278,Asia,4,0.9479166666666666
PEM_M15_V2,M15,long,2024-12-24 06:45:00+00:00,2024-12-24 09:45:00+00:00,2615.195,2617.765,2610.044,2625.4970000000008,13,timeout,0.498932246165708,Asia,6,0.010416666666666666
PEM_M15_V2,M15,long,2024-12-30 06:00:00+00:00,2024-12-30 09:00:00+00:00,2620.154,2623.585,2615.175,2630.1119999999996,13,timeout,0.6890941956216445,Asia,5,0.6875
PEM_M15_V2,M15,long,2025-01-09 04:30:00+00:00,2025-01-09 08:15:00+00:00,2662.855,2658.588,2656.548,2675.4690000000005,13,timeout,-0.6765498652290567,Asia,4,0.75
PEM_M15_V2,M15,long,2025-01-16 00:15:00+00:00,2025-01-16 03:15:00+00:00,2690.275,2695.598,2677.279,2716.2670000000003,13,timeout,0.4095875654047266,Asia,0,0.9375
PEM_M15_V2,M15,short,2025-01-18 02:00:00+00:00,2025-01-18 05:00:00+00:00,2707.815,2702.645,2713.375,2696.695,13,timeout,0.9298561151079359,Asia,1,0.71875
PEM_M15_V2,M15,short,2025-01-20 07:00:00+00:00,2025-01-20 10:00:00+00:00,2695.348,2697.995,2703.545,2678.9539999999997,13,timeout,-0.32292302061728645,Asia,6,0.8333333333333334
PEM_M15_V2,M15,long,2025-01-29 01:45:00+00:00,2025-01-29 04:45:00+00:00,2760.635,2763.525,2756.285,2769.335000000001,13,timeout,0.6643678160918692,Asia,1,0.19791666666666666
PEM_M15_V2,M15,long,2025-01-30 06:15:00+00:00,2025-01-30 09:15:00+00:00,2758.918,2760.575,2753.895,2768.9640000000004,13,timeout,0.3298825403144839,Asia,6,0.7916666666666666
PEM_M15_V2,M15,long,2025-02-07 03:30:00+00:00,2025-02-07 07:15:00+00:00,2856.028,2858.815,2848.575,2870.9339999999997,13,timeout,0.3739433785053363,Asia,3,0.3958333333333333
PEM_M15_V2,M15,long,2025-02-11 06:00:00+00:00,2025-02-11 06:45:00+00:00,2906.968,2915.553999999999,2902.675,2915.553999999999,4,tp,2.0,Asia,5,0.010416666666666666
PEM_M15_V2,M15,long,2025-02-13 00:15:00+00:00,2025-02-13 03:15:00+00:00,2904.355,2897.365,2879.625,2953.815,13,timeout,-0.28265264860494266,Asia,0,0.8854166666666666
PEM_M15_V2,M15,long,2025-02-14 02:30:00+00:00,2025-02-14 06:15:00+00:00,2926.755,2928.285,2912.885,2954.495,13,timeout,0.11031002162939851,Asia,2,0.7395833333333334
PEM_M15_V2,M15,short,2025-02-15 03:30:00+00:00,2025-02-17 07:15:00+00:00,2880.345,2886.085,2895.165,2850.7049999999995,13,timeout,-0.3873144399460306,Asia,3,0.75
PEM_M15_V2,M15,long,2025-02-19 03:15:00+00:00,2025-02-19 07:00:00+00:00,2935.605,2933.545,2925.855,2955.105,13,timeout,-0.2112820512820457,Asia,3,0.2604166666666667
PEM_M15_V2,M15,long,2025-02-20 03:30:00+00:00,2025-02-20 07:15:00+00:00,2932.875,2939.485,2923.568,2951.4889999999996,13,timeout,0.7102181153970428,Asia,3,0.7395833333333334
PEM_M15_V2,M15,short,2025-03-01 01:45:00+00:00,2025-03-01 03:00:00+00:00,2839.495,2850.565,2850.565,2817.3549999999996,6,sl,-1.0,Asia,1,0.84375
PEM_M15_V2,M15,long,2025-03-03 06:30:00+00:00,2025-03-03 09:30:00+00:00,2871.755,2870.095,2855.728,2903.809,13,timeout,-0.10357521682163254,Asia,6,0.8333333333333334
PEM_M15_V2,M15,long,2025-03-04 04:30:00+00:00,2025-03-04 08:15:00+00:00,2891.778,2883.898,2883.898,2907.537999999999,13,sl,-1.0,Asia,4,0.625
PEM_M15_V2,M15,short,2025-03-11 00:15:00+00:00,2025-03-11 03:15:00+00:00,2894.085,2887.595,2906.605,2869.045,13,timeout,0.5183706070287737,Asia,0,0.8125
PEM_M15_V2,M15,long,2025-03-14 04:00:00+00:00,2025-03-14 07:45:00+00:00,2986.965,2984.748,2981.705,2997.4850000000006,13,timeout,-0.4214828897338415,Asia,3,0.7083333333333334
PEM_M15_V2,M15,long,2025-03-17 06:45:00+00:00,2025-03-17 09:45:00+00:00,2993.285,2988.295,2983.048,3013.759,13,timeout,-0.4874474943830949,Asia,6,0.19791666666666666
PEM_M15_V2,M15,long,2025-03-27 07:00:00+00:00,2025-03-27 07:15:00+00:00,3020.625,3024.8450000000003,3018.515,3024.8450000000003,2,tp,2.0,Asia,6,0.2708333333333333
PEM_M15_V2,M15,long,2025-03-31 05:00:00+00:00,2025-03-31 08:00:00+00:00,3086.498,3079.435,3079.435,3100.6240000000003,13,sl,-1.0,Asia,4,0.5208333333333334
PEM_M15_V2,M15,long,2025-04-03 06:45:00+00:00,2025-04-03 07:30:00+00:00,3158.825,3140.945,3140.945,3194.584999999999,4,sl,-1.0,Asia,6,0.9479166666666666
PEM_M15_V2,M15,short,2025-04-14 05:30:00+00:00,2025-04-14 08:30:00+00:00,3217.195,3227.525,3237.965,3175.655,13,timeout,-0.49735194992777737,Asia,5,0.3125
PEM_M15_V2,M15,long,2025-04-16 01:00:00+00:00,2025-04-16 04:00:00+00:00,3229.125,3229.855,3218.275,3250.825,13,timeout,0.06728110599078566,Asia,0,0.5416666666666666
PEM_M15_V2,M15,long,2025-04-16 05:45:00+00:00,2025-04-16 07:00:00+00:00,3234.655,3251.9550000000004,3226.005,3251.9550000000004,6,tp,2.0,Asia,5,0.10416666666666667
PEM_M15_V2,M15,long,2025-04-17 01:45:00+00:00,2025-04-17 05:30:00+00:00,3336.525,3352.645,3325.105,3359.3650000000002,13,timeout,1.4115586690017328,Asia,1,0.6354166666666666
PEM_M15_V2,M15,long,2025-04-21 05:45:00+00:00,2025-04-21 08:45:00+00:00,3344.275,3376.635,3318.625,3395.5750000000003,13,timeout,1.2615984405458094,Asia,5,0.3645833333333333
PEM_M15_V2,M15,long,2025-04-22 05:45:00+00:00,2025-04-22 07:15:00+00:00,3432.005,3419.505,3419.505,3457.005,7,sl,-1.0,Asia,5,0.28125
PEM_M15_V2,M15,short,2025-04-23 02:00:00+00:00,2025-04-23 05:45:00+00:00,3379.335,3333.605,3430.345,3277.3150000000005,13,timeout,0.8964908841403691,Asia,1,0.8645833333333334
PEM_M15_V2,M15,long,2025-04-24 05:45:00+00:00,2025-04-24 08:45:00+00:00,3310.195,3363.605,3277.545,3375.4950000000003,13,timeout,1.635834609494631,Asia,5,0.03125
PEM_M15_V2,M15,long,2025-04-26 03:00:00+00:00,2025-04-28 06:45:00+00:00,3307.405,3305.465,3287.665,3346.8850000000007,13,timeout,-0.09827760891590838,Asia,2,0.15625
PEM_M15_V2,M15,long,2025-05-02 03:15:00+00:00,2025-05-02 03:45:00+00:00,3227.775,3236.475,3223.425,3236.475,3,tp,2.0,Asia,3,0.13541666666666666
PEM_M15_V2,M15,short,2025-05-10 02:45:00+00:00,2025-05-12 05:00:00+00:00,3328.955,3302.215,3342.325,3302.215,7,tp,2.0,Asia,2,0.041666666666666664
PEM_M15_V2,M15,long,2025-05-17 02:45:00+00:00,2025-05-19 06:00:00+00:00,3194.555,3238.8349999999996,3172.415,3238.8349999999996,11,tp,2.0,Asia,2,0.20833333333333334
PEM_M15_V2,M15,short,2025-05-20 01:15:00+00:00,2025-05-20 05:00:00+00:00,3225.885,3228.925,3236.105,3205.4450000000006,13,timeout,-0.29745596868884766,Asia,1,0.15625
PEM_M15_V2,M15,short,2025-05-20 06:45:00+00:00,2025-05-20 08:15:00+00:00,3221.245,3227.295,3227.295,3209.1449999999995,7,sl,-1.0,Asia,6,0.03125
PEM_M15_V2,M15,long,2025-05-21 03:30:00+00:00,2025-05-21 07:15:00+00:00,3294.645,3294.095,3275.915,3332.105,13,timeout,-0.029364655632684537,Asia,3,0.19791666666666666
PEM_M15_V2,M15,long,2025-05-22 02:45:00+00:00,2025-05-22 06:30:00+00:00,3323.498,3322.245,3301.635,3367.2239999999997,13,timeout,-0.05731143941820273,Asia,2,0.3645833333333333
PEM_M15_V2,M15,long,2025-05-27 06:00:00+00:00,2025-05-27 08:30:00+00:00,3347.248,3340.148,3340.148,3361.448,11,sl,-1.0,Asia,5,0.052083333333333336
PEM_M15_V2,M15,long,2025-05-28 06:45:00+00:00,2025-05-28 09:00:00+00:00,3308.615,3299.985,3299.985,3325.874999999999,10,sl,-1.0,Asia,6,0.23958333333333334
PEM_M15_V2,M15,short,2025-05-29 06:00:00+00:00,2025-05-29 06:30:00+00:00,3285.198,3261.5839999999994,3297.005,3261.5839999999994,3,tp,2.0,Asia,5,0.8645833333333334
PEM_M15_V2,M15,long,2025-06-03 02:15:00+00:00,2025-06-03 06:00:00+00:00,3378.755,3389.075,3360.085,3416.0950000000003,13,timeout,0.5527584359935548,Asia,2,0.23958333333333334
PEM_M15_V2,M15,long,2025-06-11 02:45:00+00:00,2025-06-11 06:30:00+00:00,3331.748,3319.755,3319.755,3355.734,13,sl,-1.0,Asia,2,0.4583333333333333
PEM_M15_V2,M15,short,2025-06-12 00:45:00+00:00,2025-06-12 01:15:00+00:00,3324.048,3333.898,3333.898,3304.347999999999,3,sl,-1.0,Asia,0,0.8229166666666666
PEM_M15_V2,M15,long,2025-06-12 05:45:00+00:00,2025-06-12 08:45:00+00:00,3363.848,3369.948,3351.145,3389.254,13,timeout,0.4802015271982934,Asia,5,0.6354166666666666
PEM_M15_V2,M15,long,2025-06-18 00:45:00+00:00,2025-06-18 03:45:00+00:00,3389.535,3387.105,3379.965,3408.6749999999993,13,timeout,-0.25391849529779625,Asia,0,0.875
PEM_M15_V2,M15,long,2025-06-26 06:45:00+00:00,2025-06-26 08:30:00+00:00,3336.755,3331.065,3331.065,3348.135,8,sl,-1.0,Asia,6,0.07291666666666667
PEM_M15_V2,M15,long,2025-07-01 02:45:00+00:00,2025-07-01 06:30:00+00:00,3306.165,3309.455,3296.948,3324.599,13,timeout,0.35694911576434074,Asia,2,0.03125
PEM_M15_V2,M15,long,2025-07-03 01:45:00+00:00,2025-07-03 05:30:00+00:00,3352.145,3364.085,3339.975,3376.485,13,timeout,0.9811010682004916,Asia,1,0.28125
PEM_M15_V2,M15,long,2025-07-07 05:00:00+00:00,2025-07-07 05:15:00+00:00,3334.015,3338.747,3331.649,3338.747,2,tp,2.0,Asia,0,0.13541666666666666
PEM_M15_V2,M15,long,2025-08-02 03:00:00+00:00,2025-08-04 06:45:00+00:00,3359.738,3358.498,3345.415,3388.3839999999996,13,timeout,-0.08657404175101538,Asia,2,0.7395833333333334
PEM_M15_V2,M15,short,2025-08-18 06:45:00+00:00,2025-08-18 07:15:00+00:00,3329.165,3334.998,3334.998,3317.499,3,sl,-1.0,Asia,6,0.4791666666666667
PEM_M15_V2,M15,long,2025-08-21 02:45:00+00:00,2025-08-21 06:30:00+00:00,3348.348,3347.405,3325.345,3394.3540000000003,13,timeout,-0.04099465287135373,Asia,2,0.34375
PEM_M15_V2,M15,short,2025-08-26 02:30:00+00:00,2025-08-26 06:15:00+00:00,3368.885,3360.5250000000005,3373.065,3360.5250000000005,13,tp,2.0,Asia,2,0.15625
PEM_M15_V2,M15,short,2025-08-26 06:45:00+00:00,2025-08-26 07:15:00+00:00,3353.648,3365.105,3365.105,3330.7340000000004,3,sl,-1.0,Asia,6,0.4479166666666667
PEM_M15_V2,M15,long,2025-08-27 05:15:00+00:00,2025-08-27 08:15:00+00:00,3393.945,3387.535,3387.535,3406.765000000001,13,sl,-1.0,Asia,5,0.11458333333333333
PEM_M15_V2,M15,long,2025-09-03 02:45:00+00:00,2025-09-03 06:30:00+00:00,3536.995,3527.495,3524.345,3562.295,13,timeout,-0.7509881422924847,Asia,2,0.6145833333333334
PEM_M15_V2,M15,short,2025-09-05 01:00:00+00:00,2025-09-05 04:00:00+00:00,3545.645,3544.645,3554.475,3527.985,13,timeout,0.11325028312570874,Asia,0,0.5208333333333334
PEM_M15_V2,M15,long,2025-09-17 03:45:00+00:00,2025-09-17 07:30:00+00:00,3693.285,3693.495,3678.625,3722.6049999999996,13,timeout,0.014324693042294575,Asia,3,0.14583333333333334
PEM_M15_V2,M15,long,2025-09-20 02:30:00+00:00,2025-09-22 06:15:00+00:00,3683.145,3687.265,3677.768,3693.899,13,timeout,0.766226520364502,Asia,2,0.34375
PEM_M15_V2,M15,long,2025-09-23 00:45:00+00:00,2025-09-23 03:45:00+00:00,3742.845,3747.685,3730.435,3767.6649999999995,13,timeout,0.39000805801774396,Asia,0,0.8020833333333334
PEM_M15_V2,M15,short,2025-09-24 02:30:00+00:00,2025-09-24 06:15:00+00:00,3754.015,3767.785,3781.575,3698.895,13,timeout,-0.499637155297533,Asia,2,1.0
PEM_M15_V2,M15,short,2025-09-25 01:45:00+00:00,2025-09-25 03:45:00+00:00,3727.775,3735.155,3735.155,3713.015,9,sl,-1.0,Asia,1,0.6666666666666666
PEM_M15_V2,M15,long,2025-09-27 01:15:00+00:00,2025-09-29 05:00:00+00:00,3782.365,3760.405,3750.205,3846.6849999999995,13,timeout,-0.6828358208955124,Asia,1,0.5625
PEM_M15_V2,M15,long,2025-10-01 03:00:00+00:00,2025-10-01 06:45:00+00:00,3854.875,3862.065,3835.185,3894.255,13,timeout,0.3651599796851211,Asia,2,0.46875
PEM_M15_V2,M15,long,2025-10-06 05:45:00+00:00,2025-10-06 06:15:00+00:00,3892.678,3917.3379999999997,3880.348,3917.3379999999997,3,tp,2.0,Asia,5,0.375
PEM_M15_V2,M15,long,2025-10-07 02:45:00+00:00,2025-10-07 06:30:00+00:00,3963.695,3969.415,3950.588,3989.909,13,timeout,0.43640802624550334,Asia,2,0.3645833333333333
PEM_M15_V2,M15,long,2025-10-08 05:45:00+00:00,2025-10-08 08:45:00+00:00,3989.865,3994.385,3978.148,4013.298999999999,13,timeout,0.38576427413165265,Asia,5,0.03125
PEM_M15_V2,M15,short,2025-10-09 05:45:00+00:00,2025-10-09 08:45:00+00:00,4025.898,4029.725,4044.898,3987.898,13,timeout,-0.20142105263156687,Asia,5,0.9895833333333334
PEM_M15_V2,M15,long,2025-10-11 01:45:00+00:00,2025-10-13 05:30:00+00:00,4002.648,4034.995,3974.845,4058.254000000001,13,timeout,1.163435600474746,Asia,1,0.8125
PEM_M15_V2,M15,long,2025-10-17 03:30:00+00:00,2025-10-17 05:30:00+00:00,4316.405,4374.864999999999,4287.175,4374.864999999999,6,tp,2.0,Asia,3,0.96875
PEM_M15_V2,M15,long,2025-10-21 05:45:00+00:00,2025-10-21 08:30:00+00:00,4369.905,4352.498,4352.498,4404.719,12,sl,-1.0,Asia,5,0.21875
PEM_M15_V2,M15,short,2025-10-24 03:00:00+00:00,2025-10-24 06:45:00+00:00,4117.875,4115.875,4143.225,4067.1749999999993,13,timeout,0.07889546351084699,Asia,2,0.03125
PEM_M15_V2,M15,short,2025-10-25 01:30:00+00:00,2025-10-27 05:15:00+00:00,4103.815,4101.848,4138.325,4034.794999999999,13,timeout,0.05699797160242338,Asia,1,0.7708333333333334
PEM_M15_V2,M15,short,2025-10-28 05:15:00+00:00,2025-10-28 08:15:00+00:00,3980.735,4017.505,4037.685,3866.8350000000005,13,timeout,-0.6456540825285355,Asia,5,0.125
PEM_M15_V2,M15,long,2025-11-06 03:15:00+00:00,2025-11-06 06:00:00+00:00,3987.765,3976.978,3976.978,4009.3389999999995,9,sl,-1.0,Asia,3,0.010416666666666666
PEM_M15_V2,M15,short,2025-11-07 03:30:00+00:00,2025-11-07 07:15:00+00:00,3983.315,3987.795,3994.248,3961.449,13,timeout,-0.40976859050581005,Asia,3,0.78125
PEM_M15_V2,M15,long,2025-11-11 01:30:00+00:00,2025-11-11 04:30:00+00:00,4105.325,4112.115,4093.705,4128.565,13,timeout,0.5843373493975927,Asia,1,0.3645833333333333
PEM_M15_V2,M15,long,2025-11-11 06:45:00+00:00,2025-11-11 09:45:00+00:00,4120.165,4139.195,4105.555,4149.384999999999,13,timeout,1.302532511978109,Asia,6,0.020833333333333332
PEM_M15_V2,M15,long,2025-11-13 02:00:00+00:00,2025-11-13 02:15:00+00:00,4209.155,4195.659,4195.659,4236.147,2,sl,-1.0,Asia,1,0.8854166666666666
PEM_M15_V2,M15,short,2025-11-18 02:30:00+00:00,2025-11-18 02:45:00+00:00,4062.875,4034.035,4077.295,4034.035,2,tp,2.0,Asia,2,0.13541666666666666
PEM_M15_V2,M15,long,2025-11-19 01:15:00+00:00,2025-11-19 04:15:00+00:00,4072.345,4069.195,4059.125,4098.785,13,timeout,-0.23827534039331952,Asia,1,0.7708333333333334
PEM_M15_V2,M15,long,2025-11-21 02:45:00+00:00,2025-11-21 06:30:00+00:00,4082.325,4081.475,4055.935,4135.105,13,timeout,-0.03220917014020133,Asia,2,0.8333333333333334
PEM_M15_V2,M15,long,2025-11-25 03:45:00+00:00,2025-11-25 07:30:00+00:00,4126.498,4135.225,4092.335,4194.823999999999,13,timeout,0.25545180458393246,Asia,3,0.3854166666666667
PEM_M15_V2,M15,long,2025-11-29 01:15:00+00:00,2025-11-29 02:45:00+00:00,4216.248,4218.959,4193.465,4261.8139999999985,7,timeout,0.11899223104948013,Asia,1,0.65625
