total_trades,win_rate,profit_factor,expectancy_r,avg_r,median_r,sum_r,max_drawdown_r,max_losing_streak,avg_holding_bars,scenario,families,sessions,exclude_near_gap,tp_r_multiple,timeout_bars,swing_lookback,rolling_level_n,spread_points,slippage_points,entry_delay_bars,atr_floor_mult,atr_cap_mult
8832,0.37013134057971014,1.101108738041922,0.05903710362832723,0.05903710362832723,-1.0,521.4156992453861,-93.72478004236126,21,3.8002717391304346,grid::tp2.5_to8_sw2,"sweep_reclaim,rejection,compression_expansion,momentum_break","asia,london,ny,ny_overlap",False,2.5,8,2,20,0.0,0.0,0,,
8105,0.3552128315854411,1.1010399466642373,0.06157640711931597,0.06157640711931597,-1.0,499.07677970205594,-105.01126097227085,18,4.679950647748304,grid::tp2.5_to12_sw2,"sweep_reclaim,rejection,compression_expansion,momentum_break","asia,london,ny,ny_overlap",False,2.5,12,2,20,0.0,0.0,0,,
7231,0.34089337574332734,1.09720681917489,0.0621741943936638,0.0621741943936638,-1.0,449.5815996605829,-96.82845466687775,20,6.022956714147421,grid::tp2.5_to20_sw2,"sweep_reclaim,rejection,compression_expansion,momentum_break","asia,london,ny,ny_overlap",False,2.5,20,2,20,0.0,0.0,0,,
7616,0.34571953781512604,1.092733188759611,0.05824463142834695,0.05824463142834695,-1.0,443.5911129582904,-99.53623525238609,20,5.3935136554621845,grid::tp2.5_to16_sw2,"sweep_reclaim,rejection,compression_expansion,momentum_break","asia,london,ny,ny_overlap",False,2.5,16,2,20,0.0,0.0,0,,
8497,0.3804872307873367,1.0765442988208946,0.04488602887973676,0.04488602887973676,-1.0,381.3965873911232,-75.92123188998373,18,4.226785924443921,grid::tp2.0_to12_sw2,"sweep_reclaim,rejection,compression_expansion,momentum_break","asia,london,ny,ny_overlap",False,2.0,12,2,20,0.0,0.0,0,,
5624,0.3744665718349929,1.0710476033388325,0.04062518599861327,0.04062518599861327,-1.0,228.47604605620103,-50.26959203766781,17,9.598684210526315,grid::tp2.5_to20_sw5,"sweep_reclaim,rejection,compression_expansion,momentum_break","asia,london,ny,ny_overlap",False,2.5,20,5,20,0.0,0.0,0,,
8263,0.38714752511194483,1.0708711520532357,0.038497176355114404,0.038497176355114404,-1.0,318.1021682223103,-79.98605522154173,17,4.465811448626407,grid::tp2.5_to8_sw3,"sweep_reclaim,rejection,compression_expansion,momentum_break","asia,london,ny,ny_overlap",False,2.5,8,3,20,0.0,0.0,0,,
8499,0.40698905753618075,1.0692180582849578,0.036310738038500795,0.036310738038500795,-0.6612529002320058,308.60496258921825,-77.29007396130517,14,4.196493705141782,grid::tp2.0_to8_sw3,"sweep_reclaim,rejection,compression_expansion,momentum_break","asia,london,ny,ny_overlap",False,2.0,8,3,20,0.0,0.0,0,,
6379,0.35271986204734285,1.0673728575513488,0.041482575428137984,0.041482575428137984,-1.0,264.6173486560922,-81.96489019033649,19,7.6435177927574856,grid::tp2.5_to20_sw3,"sweep_reclaim,rejection,compression_expansion,momentum_break","asia,london,ny,ny_overlap",False,2.5,20,3,20,0.0,0.0,0,,
7770,0.40707850707850707,1.067253315879211,0.032899303721484835,0.032899303721484835,-0.3686635944700305,255.62758991593716,-68.07826999426887,17,5.147104247104247,grid::tp2.5_to8_sw5,"sweep_reclaim,rejection,compression_expansion,momentum_break","asia,london,ny,ny_overlap",False,2.5,8,5,20,0.0,0.0,0,,
7975,0.3979937304075235,1.0664946977678706,0.03412437559499613,0.03412437559499613,-0.505359877488527,272.1418953700941,-65.3157412810011,18,4.8682131661442005,grid::tp2.5_to8_sw4,"sweep_reclaim,rejection,compression_expansion,momentum_break","asia,london,ny,ny_overlap",False,2.5,8,4,20,0.0,0.0,0,,
9147,0.3897452716737728,1.0655190914918136,0.03708583101678669,0.03708583101678669,-1.0,339.22409631054785,-88.49862414994189,18,3.493932436864546,grid::tp2.0_to8_sw2,"sweep_reclaim,rejection,compression_expansion,momentum_break","asia,london,ny,ny_overlap",False,2.0,8,2,20,0.0,0.0,0,,
7712,0.36877593360995853,1.0621080323903918,0.038027691856999515,0.038027691856999515,-1.0,293.2695596011803,-64.6208612416487,18,5.309258298755187,grid::tp2.0_to20_sw2,"sweep_reclaim,rejection,compression_expansion,momentum_break","asia,london,ny,ny_overlap",False,2.0,20,2,20,0.0,0.0,0,,
6794,0.3919634972034148,1.0608338640797847,0.03211656363633315,0.03211656363633315,-0.6764382929851978,218.19993334524742,-70.93388912314406,18,6.765675596114218,grid::tp2.5_to12_sw5,"sweep_reclaim,rejection,compression_expansion,momentum_break","asia,london,ny,ny_overlap",False,2.5,12,5,20,0.0,0.0,0,,
8031,0.3731789316398954,1.060078643069494,0.03622081621052241,0.03622081621052241,-1.0,290.88937498670543,-68.85965465618744,18,4.826671647366455,grid::tp2.0_to16_sw2,"sweep_reclaim,rejection,compression_expansion,momentum_break","asia,london,ny,ny_overlap",False,2.0,16,2,20,0.0,0.0,0,,
6139,0.37970353477765106,1.0592038789673477,0.03275433316308631,0.03275433316308631,-1.0,201.07885128818688,-78.0657215375239,16,8.23945267958951,grid::tp2.5_to16_sw5,"sweep_reclaim,rejection,compression_expansion,momentum_break","asia,london,ny,ny_overlap",False,2.5,16,5,20,0.0,0.0,0,,
7936,0.4225050403225806,1.0581846385223612,0.0276468337044976,0.0276468337044976,-0.30422141518417894,219.40527227889294,-81.2436827674201,17,4.930821572580645,grid::tp2.0_to8_sw5,"sweep_reclaim,rejection,compression_expansion,momentum_break","asia,london,ny,ny_overlap",False,2.0,8,5,20,0.0,0.0,0,,
7422,0.36863379143088115,1.0579607229708932,0.033629784993131684,0.033629784993131684,-1.0,249.60026421902336,-105.08788402098915,23,5.661816222042576,grid::tp2.5_to12_sw3,"sweep_reclaim,rejection,compression_expansion,momentum_break","asia,london,ny,ny_overlap",False,2.5,12,3,20,0.0,0.0,0,,
6849,0.35727843480800114,1.0558780804057424,0.033661490068420306,0.033661490068420306,-1.0,230.5475454786107,-84.22027462471324,16,6.6936779091838225,grid::tp2.5_to16_sw3,"sweep_reclaim,rejection,compression_expansion,momentum_break","asia,london,ny,ny_overlap",False,2.5,16,3,20,0.0,0.0,0,,
5942,0.36250420733759675,1.0552877881078222,0.032892524000100745,0.032892524000100745,-1.0,195.44737760859863,-76.82892077796976,18,8.722315718613261,grid::tp2.5_to20_sw4,"sweep_reclaim,rejection,compression_expansion,momentum_break","asia,london,ny,ny_overlap",False,2.5,20,4,20,0.0,0.0,0,,
8150,0.4136196319018405,1.0542441368570732,0.026980346959329368,0.026980346959329368,-0.40907162467383695,219.88982771853435,-79.84667510136069,15,4.643067484662577,grid::tp2.0_to8_sw4,"sweep_reclaim,rejection,compression_expansion,momentum_break","asia,london,ny,ny_overlap",False,2.0,8,4,20,0.0,0.0,0,,
7714,0.39266269121078556,1.0542068948411762,0.03013303937357952,0.03013303937357952,-1.0,232.4462657277924,-102.0480731869916,17,5.256805807622505,grid::tp2.0_to12_sw3,"sweep_reclaim,rejection,compression_expansion,momentum_break","asia,london,ny,ny_overlap",False,2.0,12,3,20,0.0,0.0,0,,
6725,0.37992565055762084,1.0519188703203366,0.030619432366419747,0.030619432366419747,-1.0,205.9156826641728,-86.8442469252295,16,6.975910780669145,grid::tp2.0_to20_sw3,"sweep_reclaim,rejection,compression_expansion,momentum_break","asia,london,ny,ny_overlap",False,2.0,20,3,20,0.0,0.0,0,,
7042,0.3797216699801193,1.051266429137412,0.02829533748843989,0.02829533748843989,-1.0,199.2557665935937,-71.81743831655437,19,6.312269241692701,grid::tp2.5_to12_sw4,"sweep_reclaim,rejection,compression_expansion,momentum_break","asia,london,ny,ny_overlap",False,2.5,12,4,20,0.0,0.0,0,,
5843,0.3956871470135205,1.0507250576803748,0.027884787259123814,0.027884787259123814,-1.0,162.93081195506045,-68.15700286148004,16,9.063323635118946,grid::tp2.0_to20_sw5,"sweep_reclaim,rejection,compression_expansion,momentum_break","asia,london,ny,ny_overlap",False,2.0,20,5,20,0.0,0.0,0,,
6421,0.3673882572807974,1.0491967872015915,0.028393207085390563,0.028393207085390563,-1.0,182.3127826952928,-96.47878333441577,17,7.574832580594923,grid::tp2.5_to16_sw4,"sweep_reclaim,rejection,compression_expansion,momentum_break","asia,london,ny,ny_overlap",False,2.5,16,4,20,0.0,0.0,0,,
6331,0.40120044226820406,1.0474149602185994,0.02520091725839582,0.02520091725839582,-0.8457300275481664,159.54700716290392,-74.39550711198548,16,7.829410835571,grid::tp2.0_to16_sw5,"sweep_reclaim,rejection,compression_expansion,momentum_break","asia,london,ny,ny_overlap",False,2.0,16,5,20,0.0,0.0,0,,
8208,0.44785575048732945,1.0427808810285148,0.019242876136315583,0.019242876136315583,-0.19449752999585757,157.9455273268783,-65.10682143028498,14,4.624390838206628,grid::tp1.5_to8_sw5,"sweep_reclaim,rejection,compression_expansion,momentum_break","asia,london,ny,ny_overlap",False,1.5,8,5,20,0.0,0.0,0,,
6188,0.3884938590820944,1.0412213421217404,0.023472828930642432,0.023472828930642432,-1.0,145.24986542281536,-79.7001733566716,15,8.164350355526826,grid::tp2.0_to20_sw4,"sweep_reclaim,rejection,compression_expansion,momentum_break","asia,london,ny,ny_overlap",False,2.0,20,4,20,0.0,0.0,0,,
7160,0.3824022346368715,1.0405424382881983,0.023450240896800017,0.023450240896800017,-1.0,167.90372482108813,-96.61106626943693,16,6.157821229050279,grid::tp2.0_to16_sw3,"sweep_reclaim,rejection,compression_expansion,momentum_break","asia,london,ny,ny_overlap",False,2.0,16,3,20,0.0,0.0,0,,
7261,0.4000826332461094,1.0381332085339567,0.020239615646007094,0.020239615646007094,-0.7925820256776102,146.95984920565752,-77.56524594909885,16,5.964192260019281,grid::tp2.0_to12_sw4,"sweep_reclaim,rejection,compression_expansion,momentum_break","asia,london,ny,ny_overlap",False,2.0,12,4,20,0.0,0.0,0,,
6996,0.40809033733562033,1.0380456683495696,0.01943101545222691,0.01943101545222691,-0.5094352416933018,135.93938410377947,-68.86124151702221,17,6.435391652372784,grid::tp2.0_to12_sw5,"sweep_reclaim,rejection,compression_expansion,momentum_break","asia,london,ny,ny_overlap",False,2.0,12,5,20,0.0,0.0,0,,
6646,0.3921155582305146,1.0354571278431608,0.019630015808479274,0.019630015808479274,-1.0,130.46108506315326,-87.17716587678456,15,7.136172133614204,grid::tp2.0_to16_sw4,"sweep_reclaim,rejection,compression_expansion,momentum_break","asia,london,ny,ny_overlap",False,2.0,16,4,20,0.0,0.0,0,,
7325,0.44150170648464165,1.0312157696868591,0.014971940624377589,0.014971940624377589,-0.2882249560632695,109.66946507356585,-87.47964544195611,16,5.960819112627986,grid::tp1.5_to12_sw5,"sweep_reclaim,rejection,compression_expansion,momentum_break","asia,london,ny,ny_overlap",False,1.5,12,5,20,0.0,0.0,0,,
8471,0.4409160665800968,1.0294157912244537,0.013876384099112375,0.013876384099112375,-0.2734584450403302,117.54684970358093,-68.23486590519217,14,4.301617282493212,grid::tp1.5_to8_sw4,"sweep_reclaim,rejection,compression_expansion,momentum_break","asia,london,ny,ny_overlap",False,1.5,8,4,20,0.0,0.0,0,,
8914,0.4367287413058111,1.028819463279172,0.014376498565423673,0.014376498565423673,-0.41292927880090846,128.15210821218662,-116.83919304586117,14,3.7885348889387482,grid::tp1.5_to8_sw3,"sweep_reclaim,rejection,compression_expansion,momentum_break","asia,london,ny,ny_overlap",False,1.5,8,3,20,0.0,0.0,0,,
7099,0.4311874911959431,1.0251585593032166,0.012975885084390544,0.012975885084390544,-0.6416426050689844,92.11580821408847,-76.91900476071535,15,6.422172136920693,grid::tp1.5_to16_sw4,"sweep_reclaim,rejection,compression_expansion,momentum_break","asia,london,ny,ny_overlap",False,1.5,16,4,20,0.0,0.0,0,,
8214,0.4289018748478208,1.02497171496907,0.013081927126832194,0.013081927126832194,-0.842342435485653,107.45494941979965,-138.96951423136017,14,4.659605551497443,grid::tp1.5_to12_sw3,"sweep_reclaim,rejection,compression_expansion,momentum_break","asia,london,ny,ny_overlap",False,1.5,12,3,20,0.0,0.0,0,,
6210,0.4320450885668277,1.0234710757310796,0.012064322833938273,0.012064322833938273,-0.5847907901105072,74.91944479875667,-88.12266660675836,16,8.259903381642513,grid::tp1.5_to20_sw5,"sweep_reclaim,rejection,compression_expansion,momentum_break","asia,london,ny,ny_overlap",False,1.5,20,5,20,0.0,0.0,0,,
6707,0.43536603548531383,1.0230577474627764,0.011515081898436618,0.011515081898436618,-0.4190573770491956,77.2316542928144,-91.62296484149643,15,7.174593708066199,grid::tp1.5_to16_sw5,"sweep_reclaim,rejection,compression_expansion,momentum_break","asia,london,ny,ny_overlap",False,1.5,16,5,20,0.0,0.0,0,,
6642,0.4277326106594399,1.021974285730655,0.011651953598074971,0.011651953598074971,-1.0,77.39227579841396,-72.32406173773076,15,7.308943089430894,grid::tp1.5_to20_sw4,"sweep_reclaim,rejection,compression_expansion,momentum_break","asia,london,ny,ny_overlap",False,1.5,20,4,20,0.0,0.0,0,,
7665,0.434703196347032,1.0214623156301441,0.010720910041569784,0.010720910041569784,-0.4262164553229147,82.1757754686324,-83.84870250726782,15,5.435616438356164,grid::tp1.5_to12_sw4,"sweep_reclaim,rejection,compression_expansion,momentum_break","asia,london,ny,ny_overlap",False,1.5,12,4,20,0.0,0.0,0,,
9090,0.41826182618261826,1.0174210815256308,0.009616744967037207,0.009616744967037207,-1.0,87.41621175036822,-123.84993984824376,13,3.6366336633663368,grid::tp1.5_to12_sw2,"sweep_reclaim,rejection,compression_expansion,momentum_break","asia,london,ny,ny_overlap",False,1.5,12,2,20,0.0,0.0,0,,
7349,0.42032929650292555,1.0151141634925707,0.008328835116988368,0.008328835116988368,-1.0,61.20860927474752,-117.06318797177039,15,5.984351612464281,grid::tp1.5_to20_sw3,"sweep_reclaim,rejection,compression_expansion,momentum_break","asia,london,ny,ny_overlap",False,1.5,20,3,20,0.0,0.0,0,,
7714,0.42286751361161523,1.0122462580801486,0.006623277469747442,0.006623277469747442,-1.0,51.09196240163177,-150.6422617292713,15,5.3898107337308785,grid::tp1.5_to16_sw3,"sweep_reclaim,rejection,compression_expansion,momentum_break","asia,london,ny,ny_overlap",False,1.5,16,3,20,0.0,0.0,0,,
8436,0.41251778093883357,1.011669589370968,0.006653544333235708,0.006653544333235708,-1.0,56.12929999517643,-111.13900368628506,13,4.424608819345662,grid::tp1.5_to20_sw2,"sweep_reclaim,rejection,compression_expansion,momentum_break","asia,london,ny,ny_overlap",False,1.5,20,2,20,0.0,0.0,0,,
9626,0.42281321421151047,1.010636406256507,0.0057130951568215745,0.0057130951568215745,-1.0,54.994253979564476,-141.62431696023975,16,3.0877830874714314,grid::tp1.5_to8_sw2,"sweep_reclaim,rejection,compression_expansion,momentum_break","asia,london,ny,ny_overlap",False,1.5,8,2,20,0.0,0.0,0,,
8705,0.4157380815623205,1.0089750243581823,0.005060168690821941,0.005060168690821941,-1.0,44.04876845360499,-151.30530450540476,14,4.083170591614015,grid::tp1.5_to16_sw2,"sweep_reclaim,rejection,compression_expansion,momentum_break","asia,london,ny,ny_overlap",False,1.5,16,2,20,0.0,0.0,0,,
